CHK_BAL,DURATION,CRED_HIST,PURPOSE,CRED_AMT,SAV_BAL,EMPL_LENGTH,INSTALLMENTRATE,GENDER,MARITALSTATUS,GUARANTORS,ATADDRESSSINCE,ASSETS,AGE,CRED_OTHERS,HOUSING,CRED_HERE,JOBQUALITY,DEPENDENTS,HOMEPHONE,FOREIGNER,CRED_APPROVED
LOW,6,Critical,AudioTV,1169,NOSAV,LONG,4,MALE,Single,None,4,RealEstate,67,None,OWN,2,Skilled,1,YES,NO,YES
MED,48,Good,AudioTV,5951,LOW,MEDSHORT,2,FEMALE,DivorcedSeparatedMarried,None,2,RealEstate,22,None,OWN,1,Skilled,1,No,NO,NO
NOCHK,12,Critical,Education,2096,LOW,MEDLONG,2,MALE,Single,None,3,RealEstate,49,None,OWN,1,Unskilled,2,No,NO,YES
LOW,42,Good,Furniture,7882,LOW,MEDLONG,2,MALE,Single,Guarantor,4,LifeInsurance,45,None,FREE,1,Skilled,2,No,NO,YES
LOW,24,SomeDelay,CarNew,4870,LOW,MEDSHORT,3,MALE,Single,None,4,Other,53,None,FREE,2,Skilled,2,No,NO,NO
NOCHK,36,Good,Education,9055,NOSAV,MEDSHORT,2,MALE,Single,None,4,Other,35,None,FREE,1,Unskilled,2,YES,NO,YES
NOCHK,24,Good,Furniture,2835,MEDHIGH,LONG,3,MALE,Single,None,4,LifeInsurance,53,None,OWN,1,Skilled,1,No,NO,YES
MED,36,Good,CarUsed,6948,LOW,MEDSHORT,2,MALE,Single,None,2,Automobile,35,None,RENT,1,Management,1,YES,NO,YES
NOCHK,12,Good,AudioTV,3059,HIGH,MEDLONG,2,MALE,Separated,None,4,RealEstate,61,None,OWN,1,Unskilled,1,No,NO,YES
MED,30,Critical,CarNew,5234,LOW,Unemployed,4,MALE,MarriedWidowed,None,2,Automobile,28,None,OWN,2,Management,1,No,NO,NO
MED,12,Good,CarNew,1295,LOW,SHORT,3,FEMALE,DivorcedSeparatedMarried,None,1,Automobile,25,None,RENT,1,Skilled,1,No,NO,NO
LOW,48,Good,Business,4308,LOW,SHORT,3,FEMALE,DivorcedSeparatedMarried,None,4,LifeInsurance,24,None,RENT,1,Skilled,1,No,NO,NO
MED,12,Good,AudioTV,1567,LOW,MEDSHORT,1,FEMALE,DivorcedSeparatedMarried,None,1,Automobile,22,None,OWN,1,Skilled,1,YES,NO,YES
LOW,24,Critical,CarNew,1199,LOW,LONG,4,MALE,Single,None,4,Automobile,60,None,OWN,2,Unskilled,1,No,NO,NO
LOW,15,Good,CarNew,1403,LOW,MEDSHORT,2,FEMALE,DivorcedSeparatedMarried,None,4,Automobile,28,None,RENT,1,Skilled,1,No,NO,YES
LOW,24,Good,AudioTV,1282,MEDLOW,MEDSHORT,4,FEMALE,DivorcedSeparatedMarried,None,2,Automobile,32,None,OWN,1,Unskilled,1,No,NO,NO
NOCHK,24,Critical,AudioTV,2424,NOSAV,LONG,4,MALE,Single,None,4,LifeInsurance,53,None,OWN,2,Skilled,1,No,NO,YES
LOW,30,NoHistory,Business,8072,NOSAV,SHORT,2,MALE,Single,None,3,Automobile,25,Banks,OWN,3,Skilled,1,No,NO,YES
MED,24,Good,CarUsed,12579,LOW,LONG,4,FEMALE,DivorcedSeparatedMarried,None,2,Other,44,None,FREE,1,Management,1,YES,NO,NO
NOCHK,24,Good,AudioTV,3430,MEDHIGH,LONG,3,MALE,Single,None,2,Automobile,31,None,OWN,1,Skilled,2,YES,NO,YES
NOCHK,9,Critical,CarNew,2134,LOW,MEDSHORT,4,MALE,Single,None,4,Automobile,48,None,OWN,3,Skilled,1,YES,NO,YES
LOW,6,Good,AudioTV,2647,MEDHIGH,MEDSHORT,2,MALE,Single,None,3,RealEstate,44,None,RENT,1,Skilled,2,No,NO,YES
LOW,10,Critical,CarNew,2241,LOW,SHORT,1,MALE,Single,None,3,RealEstate,48,None,RENT,2,Unskilled,2,No,YES,YES
MED,12,Critical,CarUsed,1804,MEDLOW,SHORT,3,MALE,Single,None,4,LifeInsurance,44,None,OWN,1,Skilled,1,No,NO,YES
NOCHK,10,Critical,Furniture,2069,NOSAV,MEDSHORT,2,MALE,MarriedWidowed,None,1,Automobile,26,None,OWN,2,Skilled,1,No,YES,YES
LOW,6,Good,Furniture,1374,LOW,MEDSHORT,1,MALE,Single,None,2,RealEstate,36,Banks,OWN,1,Unskilled,1,YES,NO,YES
NOCHK,6,NoHistory,AudioTV,426,LOW,LONG,4,MALE,MarriedWidowed,None,4,Automobile,39,None,OWN,1,Unskilled,1,No,NO,YES
HIGH,12,GoodAtThisBank,AudioTV,409,HIGH,MEDSHORT,3,FEMALE,DivorcedSeparatedMarried,None,3,RealEstate,42,None,RENT,2,Skilled,1,No,NO,YES
MED,7,Good,AudioTV,2415,LOW,MEDSHORT,3,MALE,Single,Guarantor,2,RealEstate,34,None,OWN,1,Skilled,1,No,NO,YES
LOW,60,SomeDelay,Business,6836,LOW,LONG,3,MALE,Single,None,4,Other,63,None,OWN,2,Skilled,1,YES,NO,NO
MED,18,Good,Business,1913,HIGH,SHORT,3,MALE,MarriedWidowed,None,3,RealEstate,36,Banks,OWN,1,Skilled,1,YES,NO,YES
LOW,24,Good,Furniture,4020,LOW,MEDSHORT,2,MALE,Single,None,2,Automobile,27,OtherStores,OWN,1,Skilled,1,No,NO,YES
MED,18,Good,CarNew,5866,MEDLOW,MEDSHORT,2,MALE,Single,None,2,Automobile,30,None,OWN,2,Skilled,1,YES,NO,YES
NOCHK,12,Critical,Business,1264,NOSAV,LONG,4,MALE,Single,None,4,Other,57,None,RENT,1,Unskilled,1,No,NO,YES
HIGH,12,Good,Furniture,1474,LOW,SHORT,4,FEMALE,DivorcedSeparatedMarried,None,1,LifeInsurance,33,Banks,OWN,1,Management,1,YES,NO,YES
MED,45,Critical,AudioTV,4746,LOW,SHORT,4,MALE,Single,None,2,LifeInsurance,25,None,OWN,2,Unskilled,1,No,NO,NO
NOCHK,48,Critical,Education,6110,LOW,MEDSHORT,1,MALE,Single,None,3,Other,31,Banks,FREE,1,Skilled,1,YES,NO,YES
HIGH,18,Good,AudioTV,2100,LOW,MEDSHORT,4,MALE,Single,Coapplicant,2,RealEstate,37,OtherStores,OWN,1,Skilled,1,No,NO,NO
HIGH,10,Good,Appliances,1225,LOW,MEDSHORT,2,MALE,Single,None,2,Automobile,37,None,OWN,1,Skilled,1,YES,NO,YES
MED,9,Good,AudioTV,458,LOW,MEDSHORT,4,MALE,Single,None,3,RealEstate,24,None,OWN,1,Skilled,1,No,NO,YES
NOCHK,30,Good,AudioTV,2333,MEDHIGH,LONG,4,MALE,Single,None,2,Automobile,30,Banks,OWN,1,Management,1,No,NO,YES
MED,12,Good,AudioTV,1158,MEDHIGH,MEDSHORT,3,MALE,Separated,None,1,Automobile,26,None,OWN,1,Skilled,1,YES,NO,YES
MED,18,SomeDelay,Repairs,6204,LOW,MEDSHORT,2,MALE,Single,None,4,RealEstate,44,None,OWN,1,Unskilled,2,YES,NO,YES
LOW,30,Critical,CarUsed,6187,MEDLOW,MEDLONG,1,MALE,MarriedWidowed,None,4,Automobile,24,None,RENT,2,Skilled,1,No,NO,YES
LOW,48,Critical,CarUsed,6143,LOW,LONG,4,FEMALE,DivorcedSeparatedMarried,None,4,Other,58,OtherStores,FREE,2,Unskilled,1,No,NO,NO
NOCHK,11,Critical,CarNew,1393,LOW,SHORT,4,FEMALE,DivorcedSeparatedMarried,None,4,Automobile,35,None,OWN,2,Management,1,No,NO,YES
NOCHK,36,Good,AudioTV,2299,MEDHIGH,LONG,4,MALE,Single,None,4,Automobile,39,None,OWN,1,Skilled,1,No,NO,YES
LOW,6,Good,CarUsed,1352,MEDHIGH,Unemployed,1,FEMALE,DivorcedSeparatedMarried,None,2,LifeInsurance,23,None,RENT,1,Unemployed,1,YES,NO,YES
NOCHK,11,Critical,CarNew,7228,LOW,MEDSHORT,1,MALE,Single,None,4,LifeInsurance,39,None,OWN,2,Unskilled,1,No,NO,YES
NOCHK,12,Good,AudioTV,2073,MEDLOW,MEDSHORT,4,FEMALE,DivorcedSeparatedMarried,Coapplicant,2,RealEstate,28,None,OWN,1,Skilled,1,No,NO,YES
MED,24,SomeDelay,Furniture,2333,NOSAV,SHORT,4,MALE,Single,None,2,LifeInsurance,29,Banks,OWN,1,Unskilled,1,No,NO,YES
MED,27,SomeDelay,CarUsed,5965,LOW,LONG,1,MALE,Single,None,2,Automobile,30,None,OWN,2,Management,1,YES,NO,YES
NOCHK,12,Good,AudioTV,1262,LOW,MEDSHORT,3,MALE,Single,None,2,Automobile,25,None,OWN,1,Skilled,1,No,NO,YES
NOCHK,18,Good,CarUsed,3378,NOSAV,MEDSHORT,2,MALE,Single,None,1,LifeInsurance,31,None,OWN,1,Skilled,1,YES,NO,YES
MED,36,SomeDelay,CarNew,2225,LOW,LONG,4,MALE,Single,None,4,Other,57,Banks,FREE,2,Skilled,1,YES,NO,NO
NOCHK,6,GoodAtThisBank,CarNew,783,NOSAV,MEDSHORT,1,MALE,Single,Guarantor,2,RealEstate,26,OtherStores,OWN,1,Unskilled,2,No,NO,YES
MED,12,Good,AudioTV,6468,NOSAV,Unemployed,2,MALE,Single,None,1,Other,52,None,OWN,1,Management,1,YES,NO,NO
NOCHK,36,Critical,AudioTV,9566,LOW,MEDSHORT,2,FEMALE,DivorcedSeparatedMarried,None,2,Automobile,31,OtherStores,OWN,2,Skilled,1,No,NO,YES
HIGH,18,Good,CarNew,1961,LOW,LONG,3,FEMALE,DivorcedSeparatedMarried,None,2,Automobile,23,None,OWN,1,Management,1,No,NO,YES
LOW,36,Critical,Furniture,6229,LOW,SHORT,4,FEMALE,DivorcedSeparatedMarried,Coapplicant,4,Other,23,None,RENT,2,Unskilled,1,YES,NO,NO
MED,9,Good,Business,1391,LOW,MEDSHORT,2,MALE,MarriedWidowed,None,1,RealEstate,27,Banks,OWN,1,Skilled,1,YES,NO,YES
MED,15,Critical,AudioTV,1537,NOSAV,LONG,4,MALE,Single,Guarantor,4,RealEstate,50,None,OWN,2,Skilled,1,YES,NO,YES
MED,36,NoHistory,Business,1953,LOW,LONG,4,MALE,Single,None,4,Other,61,None,FREE,1,Management,1,YES,NO,NO
MED,48,NoHistory,Business,14421,LOW,MEDSHORT,2,MALE,Single,None,2,Automobile,25,None,OWN,1,Skilled,1,YES,NO,NO
NOCHK,24,Good,AudioTV,3181,LOW,SHORT,4,FEMALE,DivorcedSeparatedMarried,None,4,LifeInsurance,26,None,OWN,1,Skilled,1,YES,NO,YES
NOCHK,27,Good,Repairs,5190,NOSAV,LONG,4,MALE,Single,None,4,LifeInsurance,48,None,OWN,4,Skilled,2,YES,NO,YES
NOCHK,12,Good,AudioTV,2171,LOW,SHORT,2,FEMALE,DivorcedSeparatedMarried,None,2,Automobile,29,Banks,OWN,1,Skilled,1,No,NO,YES
MED,12,Good,CarNew,1007,HIGH,MEDSHORT,4,MALE,MarriedWidowed,None,1,RealEstate,22,None,OWN,1,Skilled,1,No,NO,YES
NOCHK,36,Good,Education,1819,LOW,MEDSHORT,4,MALE,Single,None,4,Other,37,OtherStores,FREE,1,Skilled,1,YES,NO,NO
NOCHK,36,Good,AudioTV,2394,NOSAV,MEDSHORT,4,FEMALE,DivorcedSeparatedMarried,None,4,Automobile,25,None,OWN,1,Skilled,1,No,NO,YES
NOCHK,36,Good,CarUsed,8133,LOW,MEDSHORT,1,FEMALE,DivorcedSeparatedMarried,None,2,LifeInsurance,30,Banks,OWN,1,Skilled,1,No,NO,YES
NOCHK,7,Critical,AudioTV,730,NOSAV,LONG,4,MALE,Single,None,2,LifeInsurance,46,None,RENT,2,Unskilled,1,YES,NO,YES
LOW,8,Critical,CarUsed0,1164,LOW,LONG,3,MALE,Single,None,4,Other,51,Banks,FREE,2,Management,2,YES,NO,YES
MED,42,Critical,Business,5954,LOW,MEDLONG,2,FEMALE,DivorcedSeparatedMarried,None,1,RealEstate,41,Banks,OWN,2,Unskilled,1,No,NO,YES
LOW,36,Good,Education,1977,NOSAV,LONG,4,MALE,Single,None,4,Other,40,None,OWN,1,Management,1,YES,NO,NO
LOW,12,Critical,CarUsed,1526,LOW,LONG,4,MALE,Single,None,4,Other,66,None,FREE,2,Management,1,No,NO,YES
LOW,42,Good,AudioTV,3965,LOW,SHORT,4,MALE,Single,None,3,Automobile,34,None,OWN,1,Skilled,1,No,NO,NO
MED,11,SomeDelay,AudioTV,4771,LOW,MEDLONG,2,MALE,Single,None,4,LifeInsurance,51,None,OWN,1,Skilled,1,No,NO,YES
NOCHK,54,NoHistory,CarUsed,9436,NOSAV,MEDSHORT,2,MALE,Single,None,2,LifeInsurance,39,None,OWN,1,Unskilled,2,No,NO,YES
MED,30,Good,Furniture,3832,LOW,SHORT,2,MALE,MarriedWidowed,None,1,LifeInsurance,22,None,OWN,1,Skilled,1,No,NO,YES
NOCHK,24,Good,AudioTV,5943,NOSAV,SHORT,1,FEMALE,DivorcedSeparatedMarried,None,1,Automobile,44,None,OWN,2,Skilled,1,YES,NO,NO
NOCHK,15,Good,AudioTV,1213,MEDHIGH,LONG,4,MALE,Single,None,3,LifeInsurance,47,OtherStores,OWN,1,Skilled,1,YES,NO,YES
NOCHK,18,Good,Business,1568,MEDLOW,MEDSHORT,3,FEMALE,DivorcedSeparatedMarried,None,4,LifeInsurance,24,None,RENT,1,Unskilled,1,No,NO,YES
LOW,24,Good,CarUsed0,1755,LOW,LONG,4,FEMALE,DivorcedSeparatedMarried,Guarantor,4,RealEstate,58,None,OWN,1,Unskilled,1,YES,NO,YES
LOW,10,Good,AudioTV,2315,LOW,LONG,3,MALE,Single,None,4,RealEstate,52,None,OWN,1,Unskilled,1,No,NO,YES
NOCHK,12,Critical,Business,1412,LOW,MEDSHORT,4,FEMALE,DivorcedSeparatedMarried,Guarantor,2,RealEstate,29,None,OWN,2,Management,1,YES,NO,YES
MED,18,Critical,Furniture,1295,LOW,SHORT,4,FEMALE,DivorcedSeparatedMarried,None,1,LifeInsurance,27,None,OWN,2,Skilled,1,No,NO,YES
MED,36,Good,Education,12612,MEDLOW,MEDSHORT,1,MALE,Single,None,4,Other,47,None,FREE,1,Skilled,2,YES,NO,NO
LOW,18,Good,CarNew,2249,MEDLOW,MEDLONG,4,MALE,Single,None,3,Automobile,30,None,OWN,1,Management,2,YES,NO,YES
LOW,12,NoHistory,Repairs,1108,LOW,MEDLONG,4,MALE,Single,None,3,RealEstate,28,None,OWN,2,Skilled,1,No,NO,NO
NOCHK,12,Critical,AudioTV,618,LOW,LONG,4,MALE,Single,None,4,RealEstate,56,None,OWN,1,Skilled,1,No,NO,YES
LOW,12,Critical,CarUsed,1409,LOW,LONG,4,MALE,Single,None,3,RealEstate,54,None,OWN,1,Skilled,1,No,NO,YES
NOCHK,12,Critical,AudioTV,797,NOSAV,LONG,4,FEMALE,DivorcedSeparatedMarried,None,3,LifeInsurance,33,Banks,OWN,1,Unskilled,2,No,NO,NO
HIGH,24,Critical,Furniture,3617,NOSAV,LONG,4,MALE,Single,Coapplicant,4,Other,20,None,RENT,2,Skilled,1,No,NO,YES
MED,12,Good,CarNew,1318,HIGH,LONG,4,MALE,Single,None,4,RealEstate,54,None,OWN,1,Skilled,1,YES,NO,YES
MED,54,NoHistory,Business,15945,LOW,SHORT,3,MALE,Single,None,4,Other,58,None,RENT,1,Skilled,1,YES,NO,NO
NOCHK,12,Critical,Education,2012,NOSAV,MEDLONG,4,FEMALE,DivorcedSeparatedMarried,None,2,Automobile,61,None,OWN,1,Skilled,1,No,NO,YES
MED,18,Good,Business,2622,MEDLOW,MEDSHORT,4,MALE,Single,None,4,Automobile,34,None,OWN,1,Skilled,1,No,NO,YES
MED,36,Critical,AudioTV,2337,LOW,LONG,4,MALE,Single,None,4,RealEstate,36,None,OWN,1,Skilled,1,No,NO,YES
MED,20,SomeDelay,CarUsed,7057,NOSAV,MEDLONG,3,MALE,Single,None,4,LifeInsurance,36,Banks,RENT,2,Management,2,YES,NO,YES
NOCHK,24,Good,CarNew,1469,MEDLOW,LONG,4,MALE,MarriedWidowed,None,4,RealEstate,41,None,RENT,1,Unskilled,1,No,NO,YES
MED,36,Good,AudioTV,2323,LOW,MEDLONG,4,MALE,Single,None,4,Automobile,24,None,RENT,1,Skilled,1,No,NO,YES
NOCHK,6,SomeDelay,AudioTV,932,LOW,MEDSHORT,3,FEMALE,DivorcedSeparatedMarried,None,2,RealEstate,24,None,OWN,1,Skilled,1,No,NO,YES
MED,9,Critical,Furniture,1919,LOW,MEDLONG,4,MALE,Single,None,3,Automobile,35,None,RENT,1,Skilled,1,YES,NO,YES
NOCHK,12,Good,CarUsed,2445,NOSAV,SHORT,2,MALE,MarriedWidowed,None,4,Automobile,26,None,RENT,1,Skilled,1,YES,NO,YES
MED,24,Critical,CarUsed0,11938,LOW,MEDSHORT,2,MALE,Single,Coapplicant,3,Automobile,39,None,OWN,2,Management,2,YES,NO,NO
NOCHK,18,GoodAtThisBank,CarNew,6458,LOW,LONG,2,MALE,Single,None,4,Other,39,Banks,OWN,2,Management,2,YES,NO,NO
MED,12,Good,CarNew,6078,LOW,MEDLONG,2,MALE,Single,None,2,Automobile,32,None,OWN,1,Skilled,1,No,NO,YES
LOW,24,Good,Furniture,7721,NOSAV,SHORT,1,FEMALE,DivorcedSeparatedMarried,None,2,LifeInsurance,30,None,OWN,1,Skilled,1,YES,YES,YES
MED,14,Good,Business,1410,MEDHIGH,LONG,1,MALE,MarriedWidowed,None,2,RealEstate,35,None,OWN,1,Skilled,1,YES,NO,YES
MED,6,SomeDelay,Business,1449,MEDLOW,LONG,1,MALE,Separated,None,2,Automobile,31,Banks,OWN,2,Skilled,2,No,NO,YES
HIGH,15,Good,Education,392,LOW,SHORT,4,FEMALE,DivorcedSeparatedMarried,None,4,LifeInsurance,23,None,RENT,1,Skilled,1,YES,NO,YES
MED,18,Good,CarNew,6260,LOW,MEDLONG,3,MALE,Single,None,3,RealEstate,28,None,RENT,1,Unskilled,1,No,NO,YES
NOCHK,36,Critical,CarNew,7855,LOW,MEDSHORT,4,FEMALE,DivorcedSeparatedMarried,None,2,RealEstate,25,OtherStores,OWN,2,Skilled,1,YES,NO,NO
LOW,12,Good,AudioTV,1680,MEDHIGH,LONG,3,MALE,MarriedWidowed,None,1,RealEstate,35,None,OWN,1,Skilled,1,No,NO,YES
NOCHK,48,Critical,AudioTV,3578,NOSAV,LONG,4,MALE,Single,None,1,RealEstate,47,None,OWN,1,Skilled,1,YES,NO,YES
LOW,42,Good,AudioTV,7174,NOSAV,MEDLONG,4,FEMALE,DivorcedSeparatedMarried,None,3,Automobile,30,None,OWN,1,Management,1,YES,NO,NO
LOW,10,Critical,Furniture,2132,NOSAV,SHORT,2,FEMALE,DivorcedSeparatedMarried,Coapplicant,3,RealEstate,27,None,RENT,2,Skilled,1,No,YES,YES
LOW,33,Critical,Furniture,4281,MEDHIGH,MEDSHORT,1,FEMALE,DivorcedSeparatedMarried,None,4,Automobile,23,None,OWN,2,Skilled,1,No,NO,NO
MED,12,Critical,CarNew,2366,MEDHIGH,MEDLONG,3,MALE,Separated,None,3,Automobile,36,None,OWN,1,Management,1,YES,NO,YES
LOW,21,Good,AudioTV,1835,LOW,MEDSHORT,3,FEMALE,DivorcedSeparatedMarried,None,2,RealEstate,25,None,OWN,2,Skilled,1,YES,NO,NO
NOCHK,24,Critical,CarUsed,3868,LOW,LONG,4,FEMALE,DivorcedSeparatedMarried,None,2,Automobile,41,None,RENT,2,Management,1,YES,NO,YES
NOCHK,12,Good,Furniture,1768,LOW,MEDSHORT,3,MALE,Single,None,2,RealEstate,24,None,RENT,1,Unskilled,1,No,NO,YES
HIGH,10,Critical,CarNew,781,LOW,LONG,4,MALE,Single,None,4,Other,63,None,FREE,2,Skilled,1,YES,NO,YES
MED,18,Good,Furniture,1924,NOSAV,SHORT,4,FEMALE,DivorcedSeparatedMarried,None,3,RealEstate,27,None,RENT,1,Skilled,1,No,NO,NO
LOW,12,Critical,CarNew,2121,LOW,MEDSHORT,4,MALE,Single,None,2,LifeInsurance,30,None,OWN,2,Skilled,1,No,NO,YES
LOW,12,Good,AudioTV,701,LOW,MEDSHORT,4,MALE,MarriedWidowed,None,2,RealEstate,40,None,OWN,1,Unskilled,1,No,NO,YES
MED,12,Good,Repairs,639,LOW,MEDSHORT,4,MALE,Single,None,2,Automobile,30,None,OWN,1,Skilled,1,No,NO,NO
MED,12,Critical,CarUsed,1860,LOW,Unemployed,4,MALE,Single,None,2,Automobile,34,None,OWN,2,Management,1,YES,NO,YES
LOW,12,Critical,CarNew,3499,LOW,MEDSHORT,3,FEMALE,DivorcedSeparatedMarried,Coapplicant,2,RealEstate,29,None,OWN,2,Skilled,1,No,NO,NO
MED,48,Good,CarNew,8487,NOSAV,MEDLONG,1,FEMALE,DivorcedSeparatedMarried,None,2,Automobile,24,None,OWN,1,Skilled,1,No,NO,YES
LOW,36,SomeDelay,Education,6887,LOW,MEDSHORT,4,MALE,Single,None,3,LifeInsurance,29,OtherStores,OWN,1,Skilled,1,YES,NO,NO
NOCHK,15,Good,Furniture,2708,LOW,SHORT,2,MALE,Single,None,3,LifeInsurance,27,Banks,OWN,2,Unskilled,1,No,NO,YES
NOCHK,18,Good,Furniture,1984,LOW,MEDSHORT,4,MALE,Single,None,4,Other,47,Banks,FREE,2,Skilled,1,No,NO,YES
NOCHK,60,Good,AudioTV,10144,MEDLOW,MEDLONG,2,FEMALE,DivorcedSeparatedMarried,None,4,RealEstate,21,None,OWN,1,Skilled,1,YES,NO,YES
NOCHK,12,Critical,AudioTV,1240,NOSAV,LONG,4,FEMALE,DivorcedSeparatedMarried,None,2,RealEstate,38,None,OWN,2,Skilled,1,YES,NO,YES
NOCHK,27,SomeDelay,CarUsed,8613,HIGH,MEDSHORT,2,MALE,Single,None,2,Automobile,27,None,OWN,2,Skilled,1,No,NO,YES
MED,12,Good,AudioTV,766,MEDHIGH,MEDSHORT,4,MALE,Single,None,3,RealEstate,66,None,OWN,1,Unskilled,1,No,NO,NO
MED,15,Critical,AudioTV,2728,NOSAV,MEDLONG,4,MALE,Single,Guarantor,2,RealEstate,35,Banks,OWN,3,Skilled,1,YES,NO,YES
HIGH,12,Good,AudioTV,1881,LOW,MEDSHORT,2,FEMALE,DivorcedSeparatedMarried,None,2,Automobile,44,None,RENT,1,Unskilled,1,YES,NO,YES
HIGH,6,Good,CarNew,709,HIGH,SHORT,2,MALE,MarriedWidowed,None,2,RealEstate,27,None,OWN,1,Unemployed,1,No,YES,YES
MED,36,Good,AudioTV,4795,LOW,SHORT,4,FEMALE,DivorcedSeparatedMarried,None,1,Other,30,None,OWN,1,Management,1,YES,NO,YES
LOW,27,Good,AudioTV,3416,LOW,MEDSHORT,3,MALE,Single,None,2,Automobile,27,None,OWN,1,Management,1,No,NO,YES
LOW,18,Good,Furniture,2462,LOW,MEDSHORT,2,MALE,Single,None,2,Automobile,22,None,OWN,1,Skilled,1,No,NO,NO
NOCHK,21,Critical,Furniture,2288,LOW,SHORT,4,FEMALE,DivorcedSeparatedMarried,None,4,LifeInsurance,23,None,OWN,1,Skilled,1,YES,NO,YES
MED,48,GoodAtThisBank,Business,3566,MEDLOW,MEDLONG,4,MALE,Single,None,2,Automobile,30,None,OWN,1,Skilled,1,No,NO,YES
LOW,6,Critical,CarNew,860,LOW,LONG,1,FEMALE,DivorcedSeparatedMarried,None,4,Other,39,None,OWN,2,Skilled,1,YES,NO,YES
NOCHK,12,Critical,CarNew,682,MEDLOW,MEDLONG,4,FEMALE,DivorcedSeparatedMarried,None,3,Automobile,51,None,OWN,2,Skilled,1,YES,NO,YES
LOW,36,Critical,Furniture,5371,LOW,MEDSHORT,3,MALE,Single,Guarantor,2,LifeInsurance,28,None,OWN,2,Skilled,1,No,NO,YES
NOCHK,18,Critical,AudioTV,1582,HIGH,LONG,4,MALE,Single,None,4,Automobile,46,None,OWN,2,Skilled,1,No,NO,YES
NOCHK,6,Good,AudioTV,1346,MEDLOW,LONG,2,MALE,Single,None,4,Other,42,Banks,FREE,1,Skilled,2,YES,NO,YES
NOCHK,10,Good,AudioTV,1924,LOW,MEDSHORT,1,MALE,Single,None,4,LifeInsurance,38,None,OWN,1,Skilled,1,YES,YES,YES
HIGH,36,Good,AudioTV,5848,LOW,MEDSHORT,4,MALE,Single,None,1,Automobile,24,None,OWN,1,Skilled,1,No,NO,YES
MED,24,Critical,CarUsed,7758,HIGH,LONG,2,FEMALE,DivorcedSeparatedMarried,None,4,Other,29,None,RENT,1,Skilled,1,No,NO,YES
MED,24,SomeDelay,Business,6967,MEDLOW,MEDLONG,4,MALE,Single,None,4,Automobile,36,None,RENT,1,Management,1,YES,NO,YES
LOW,12,Good,Furniture,1282,LOW,MEDSHORT,2,FEMALE,DivorcedSeparatedMarried,None,4,Automobile,20,None,RENT,1,Skilled,1,No,NO,NO
LOW,9,Critical,Repairs,1288,MEDLOW,LONG,3,MALE,Single,Guarantor,4,RealEstate,48,None,OWN,2,Skilled,2,No,YES,YES
LOW,12,GoodAtThisBank,Training,339,LOW,LONG,4,MALE,MarriedWidowed,None,1,Automobile,45,Banks,OWN,1,Unskilled,1,No,NO,YES
MED,24,Good,CarNew,3512,MEDLOW,MEDLONG,2,MALE,Single,None,3,Automobile,38,Banks,OWN,2,Skilled,1,YES,NO,YES
NOCHK,6,Critical,AudioTV,1898,NOSAV,MEDSHORT,1,MALE,Single,None,2,RealEstate,34,None,OWN,2,Unskilled,2,No,NO,YES
NOCHK,24,Critical,AudioTV,2872,MEDLOW,LONG,3,MALE,Single,None,4,RealEstate,36,None,OWN,1,Skilled,2,YES,NO,YES
NOCHK,18,Critical,CarNew,1055,LOW,SHORT,4,FEMALE,DivorcedSeparatedMarried,None,1,LifeInsurance,30,None,OWN,2,Skilled,1,No,NO,YES
NOCHK,15,Good,Appliances,1262,MEDHIGH,MEDLONG,4,MALE,Single,None,3,LifeInsurance,36,None,OWN,2,Skilled,1,YES,NO,YES
MED,10,Good,CarNew,7308,LOW,Unemployed,2,MALE,Single,None,4,Other,70,Banks,FREE,1,Management,1,YES,NO,YES
NOCHK,36,Good,CarNew,909,MEDHIGH,LONG,4,MALE,Single,None,4,LifeInsurance,36,None,OWN,1,Skilled,1,No,NO,YES
NOCHK,6,Good,Furniture,2978,MEDHIGH,MEDSHORT,1,MALE,Single,None,2,Automobile,32,None,OWN,1,Skilled,1,YES,NO,YES
LOW,18,Good,Furniture,1131,LOW,Unemployed,4,FEMALE,DivorcedSeparatedMarried,None,2,Automobile,33,None,OWN,1,Skilled,1,No,NO,NO
MED,11,Good,Furniture,1577,HIGH,SHORT,4,FEMALE,DivorcedSeparatedMarried,None,1,RealEstate,20,None,OWN,1,Skilled,1,No,NO,YES
NOCHK,24,Good,Furniture,3972,LOW,MEDLONG,2,FEMALE,DivorcedSeparatedMarried,None,4,LifeInsurance,25,None,RENT,1,Skilled,1,YES,NO,YES
MED,24,Critical,Business,1935,LOW,LONG,4,MALE,Separated,None,4,RealEstate,31,None,OWN,2,Skilled,1,YES,NO,NO
LOW,15,NoHistory,CarNew,950,LOW,LONG,4,MALE,Single,None,3,Automobile,33,None,RENT,2,Skilled,2,No,NO,NO
NOCHK,12,Good,Furniture,763,LOW,MEDSHORT,4,FEMALE,DivorcedSeparatedMarried,None,1,RealEstate,26,None,OWN,1,Skilled,1,YES,NO,YES
MED,24,SomeDelay,Furniture,2064,LOW,Unemployed,3,FEMALE,DivorcedSeparatedMarried,None,2,LifeInsurance,34,None,OWN,1,Management,1,YES,NO,NO
MED,8,Good,AudioTV,1414,LOW,MEDSHORT,4,MALE,Single,Guarantor,2,RealEstate,33,None,OWN,1,Skilled,1,No,YES,YES
LOW,21,SomeDelay,Education,3414,LOW,SHORT,2,MALE,Single,None,1,LifeInsurance,26,None,OWN,2,Skilled,1,No,NO,NO
NOCHK,30,GoodAtThisBank,CarUsed,7485,NOSAV,Unemployed,4,FEMALE,DivorcedSeparatedMarried,None,1,RealEstate,53,Banks,OWN,1,Management,1,YES,NO,NO
LOW,12,Good,Furniture,2577,LOW,MEDSHORT,2,MALE,Separated,None,1,Automobile,42,None,OWN,1,Skilled,1,No,NO,YES
LOW,6,Critical,AudioTV,338,MEDHIGH,LONG,4,MALE,Single,None,4,Automobile,52,None,OWN,2,Skilled,1,No,NO,YES
NOCHK,12,Good,AudioTV,1963,LOW,MEDLONG,4,MALE,Single,None,2,Automobile,31,None,RENT,2,Management,2,YES,NO,YES
LOW,21,Critical,CarNew,571,LOW,LONG,4,MALE,Single,None,4,RealEstate,65,None,OWN,2,Skilled,1,No,NO,YES
NOCHK,36,SomeDelay,Business,9572,LOW,SHORT,1,MALE,Separated,None,1,Automobile,28,None,OWN,2,Skilled,1,No,NO,NO
MED,36,SomeDelay,Business,4455,LOW,MEDSHORT,2,MALE,Separated,None,2,RealEstate,30,OtherStores,OWN,2,Management,1,YES,NO,NO
LOW,21,GoodAtThisBank,CarNew,1647,NOSAV,MEDSHORT,4,MALE,Single,None,2,LifeInsurance,40,None,OWN,2,Unskilled,2,No,NO,NO
NOCHK,24,Critical,Furniture,3777,HIGH,MEDSHORT,4,MALE,Single,None,4,RealEstate,50,None,OWN,1,Skilled,1,YES,NO,YES
MED,18,Critical,CarNew,884,LOW,LONG,4,MALE,Single,None,4,Automobile,36,Banks,OWN,1,Skilled,2,YES,NO,NO
NOCHK,15,Critical,AudioTV,1360,LOW,MEDSHORT,4,MALE,Single,None,2,LifeInsurance,31,None,OWN,2,Skilled,1,No,NO,YES
MED,9,GoodAtThisBank,CarUsed,5129,LOW,LONG,2,FEMALE,DivorcedSeparatedMarried,None,4,Other,74,Banks,FREE,1,Management,2,YES,NO,NO
MED,16,Critical,CarNew,1175,LOW,Unemployed,2,MALE,Single,None,3,Automobile,68,None,FREE,3,Unemployed,1,YES,NO,YES
LOW,12,Good,AudioTV,674,MEDLOW,MEDLONG,4,MALE,MarriedWidowed,None,1,LifeInsurance,20,None,OWN,1,Skilled,1,No,NO,NO
MED,18,NoHistory,Furniture,3244,LOW,MEDSHORT,1,FEMALE,DivorcedSeparatedMarried,None,4,Automobile,33,Banks,OWN,2,Skilled,1,YES,NO,YES
NOCHK,24,Good,Business,4591,HIGH,MEDSHORT,2,MALE,Single,None,3,LifeInsurance,54,None,OWN,3,Management,1,YES,NO,NO
MED,48,NoHistory,Business,3844,MEDLOW,MEDLONG,4,MALE,Single,None,4,Other,34,None,FREE,1,Unskilled,2,No,NO,NO
MED,27,Good,Business,3915,LOW,MEDSHORT,4,MALE,Single,None,2,Automobile,36,None,OWN,1,Skilled,2,YES,NO,NO
NOCHK,6,Good,AudioTV,2108,LOW,MEDLONG,2,MALE,MarriedWidowed,None,2,RealEstate,29,None,RENT,1,Skilled,1,No,NO,YES
MED,45,Good,AudioTV,3031,MEDLOW,MEDSHORT,4,MALE,Single,Guarantor,4,LifeInsurance,21,None,RENT,1,Skilled,1,No,NO,NO
MED,9,Critical,Education,1501,LOW,LONG,2,FEMALE,DivorcedSeparatedMarried,None,3,Automobile,34,None,OWN,2,Management,1,YES,NO,NO
NOCHK,6,Critical,AudioTV,1382,LOW,MEDSHORT,1,FEMALE,DivorcedSeparatedMarried,None,1,Automobile,28,None,OWN,2,Skilled,1,YES,NO,YES
MED,12,Good,Furniture,951,MEDLOW,SHORT,4,FEMALE,DivorcedSeparatedMarried,None,4,Automobile,27,Banks,RENT,4,Skilled,1,No,NO,NO
MED,24,Good,CarUsed,2760,NOSAV,LONG,4,MALE,Single,None,4,Other,36,Banks,FREE,1,Skilled,1,YES,NO,YES
MED,18,SomeDelay,Furniture,4297,LOW,LONG,4,MALE,Separated,None,3,Other,40,None,OWN,1,Management,1,YES,NO,NO
NOCHK,9,Critical,Education,936,MEDHIGH,LONG,4,MALE,Single,None,2,Automobile,52,None,OWN,2,Skilled,1,YES,NO,YES
LOW,12,Good,CarNew,1168,LOW,MEDSHORT,4,MALE,MarriedWidowed,None,3,RealEstate,27,None,OWN,1,Unskilled,1,No,NO,YES
NOCHK,27,SomeDelay,Business,5117,LOW,MEDLONG,3,MALE,Single,None,4,Automobile,26,None,OWN,2,Skilled,1,No,NO,YES
LOW,12,Good,Training,902,LOW,MEDLONG,4,MALE,MarriedWidowed,None,4,LifeInsurance,21,None,RENT,1,Skilled,1,No,NO,NO
NOCHK,12,Critical,CarNew,1495,LOW,LONG,4,MALE,Single,None,1,RealEstate,38,None,OWN,2,Unskilled,2,No,NO,YES
LOW,30,Critical,CarUsed,10623,LOW,LONG,3,MALE,Single,None,4,Other,38,None,FREE,3,Management,2,YES,NO,YES
NOCHK,12,Critical,Furniture,1935,LOW,LONG,4,MALE,Single,None,4,RealEstate,43,None,OWN,3,Skilled,1,YES,NO,YES
MED,12,Critical,Appliances,1424,LOW,MEDLONG,4,MALE,Single,None,3,LifeInsurance,26,None,OWN,1,Skilled,1,No,NO,YES
LOW,24,Good,Business,6568,LOW,MEDSHORT,2,MALE,MarriedWidowed,None,2,Automobile,21,OtherStores,OWN,1,Unskilled,1,No,NO,YES
NOCHK,12,Good,CarUsed,1413,HIGH,MEDLONG,3,MALE,Single,None,2,LifeInsurance,55,None,OWN,1,Skilled,1,No,YES,YES
NOCHK,9,Critical,AudioTV,3074,NOSAV,MEDSHORT,1,MALE,Single,None,2,RealEstate,33,None,OWN,2,Skilled,2,No,NO,YES
NOCHK,36,Good,AudioTV,3835,NOSAV,LONG,2,FEMALE,DivorcedSeparatedMarried,None,4,RealEstate,45,None,OWN,1,Unskilled,1,YES,NO,YES
LOW,27,NoHistory,Business,5293,LOW,Unemployed,2,MALE,Single,None,4,LifeInsurance,50,OtherStores,OWN,2,Skilled,1,YES,NO,NO
HIGH,30,SomeDelay,Business,1908,LOW,LONG,4,MALE,Single,None,4,RealEstate,66,None,OWN,1,Management,1,YES,NO,NO
NOCHK,36,Critical,AudioTV,3342,NOSAV,LONG,4,MALE,Single,None,2,Automobile,51,None,OWN,1,Skilled,1,YES,NO,YES
MED,6,Critical,Training,932,NOSAV,MEDLONG,1,FEMALE,DivorcedSeparatedMarried,None,3,LifeInsurance,39,None,OWN,2,Unskilled,1,No,NO,YES
LOW,18,NoHistory,Business,3104,LOW,MEDLONG,3,MALE,Single,None,1,LifeInsurance,31,Banks,OWN,1,Skilled,1,YES,NO,YES
HIGH,36,Good,AudioTV,3913,LOW,MEDSHORT,2,MALE,Single,None,2,RealEstate,23,None,OWN,1,Skilled,1,YES,NO,YES
LOW,24,Good,Furniture,3021,LOW,MEDSHORT,2,MALE,Separated,None,2,RealEstate,24,None,RENT,1,Unskilled,1,No,NO,YES
NOCHK,10,Good,CarNew,1364,LOW,MEDSHORT,2,FEMALE,DivorcedSeparatedMarried,None,4,Automobile,64,None,OWN,1,Skilled,1,YES,NO,YES
MED,12,Good,AudioTV,625,LOW,SHORT,4,MALE,MarriedWidowed,Guarantor,1,RealEstate,26,Banks,OWN,1,Unskilled,1,No,NO,YES
LOW,12,Good,Education,1200,NOSAV,MEDSHORT,4,FEMALE,DivorcedSeparatedMarried,None,4,LifeInsurance,23,Banks,RENT,1,Skilled,1,YES,NO,YES
NOCHK,12,Good,AudioTV,707,LOW,MEDSHORT,4,MALE,Single,None,2,RealEstate,30,Banks,OWN,2,Skilled,1,No,NO,YES
NOCHK,24,SomeDelay,Business,2978,NOSAV,MEDSHORT,4,MALE,Single,None,4,RealEstate,32,None,OWN,2,Skilled,2,YES,NO,YES
NOCHK,15,Good,CarUsed,4657,LOW,MEDSHORT,3,MALE,Single,None,2,Automobile,30,None,OWN,1,Skilled,1,YES,NO,YES
NOCHK,36,NoHistory,Repairs,2613,LOW,MEDSHORT,4,MALE,Single,None,2,Automobile,27,None,OWN,2,Skilled,1,No,NO,YES
MED,48,Good,AudioTV,10961,HIGH,MEDLONG,1,MALE,Single,Coapplicant,2,Other,27,Banks,OWN,2,Skilled,1,YES,NO,NO
LOW,12,Good,Furniture,7865,LOW,LONG,4,MALE,Single,None,4,Other,53,None,FREE,1,Management,1,YES,NO,NO
NOCHK,9,Good,AudioTV,1478,LOW,MEDLONG,4,MALE,Single,None,2,Automobile,22,None,OWN,1,Skilled,1,No,NO,NO
LOW,24,Good,Furniture,3149,LOW,SHORT,4,MALE,Single,None,1,Other,22,Banks,FREE,1,Skilled,1,No,NO,YES
HIGH,36,Good,AudioTV,4210,LOW,MEDSHORT,4,MALE,Single,None,2,Automobile,26,None,OWN,1,Skilled,1,No,NO,NO
NOCHK,9,Good,CarNew,2507,MEDHIGH,LONG,2,MALE,Single,None,4,Other,51,None,FREE,1,Unskilled,1,No,NO,YES
NOCHK,12,Good,AudioTV,2141,MEDLOW,MEDLONG,3,MALE,Single,None,1,Other,35,None,OWN,1,Skilled,1,No,NO,YES
MED,18,Good,AudioTV,866,LOW,MEDSHORT,4,MALE,MarriedWidowed,Guarantor,2,RealEstate,25,None,OWN,1,Unskilled,1,No,NO,YES
NOCHK,4,Critical,AudioTV,1544,LOW,MEDLONG,2,MALE,Single,None,1,RealEstate,42,None,OWN,3,Unskilled,2,No,NO,YES
LOW,24,Good,AudioTV,1823,LOW,Unemployed,4,MALE,Single,None,2,Automobile,30,OtherStores,OWN,1,Management,2,No,NO,NO
MED,6,Good,CarNew,14555,NOSAV,Unemployed,1,MALE,Single,None,2,LifeInsurance,23,None,OWN,1,Unemployed,1,YES,NO,NO
MED,21,Good,Business,2767,MEDLOW,LONG,4,MALE,Separated,None,2,Automobile,61,Banks,RENT,2,Unskilled,1,No,NO,NO
NOCHK,12,Critical,AudioTV,1291,LOW,MEDSHORT,4,FEMALE,DivorcedSeparatedMarried,None,2,LifeInsurance,35,None,OWN,2,Skilled,1,No,NO,YES
LOW,30,Good,AudioTV,2522,LOW,LONG,1,MALE,Single,Guarantor,3,LifeInsurance,39,None,OWN,1,Skilled,2,No,NO,YES
LOW,24,Good,CarNew,915,NOSAV,LONG,4,FEMALE,DivorcedSeparatedMarried,None,2,Automobile,29,Banks,OWN,1,Skilled,1,No,NO,NO
NOCHK,6,Good,AudioTV,1595,LOW,MEDLONG,3,MALE,Single,None,2,LifeInsurance,51,None,OWN,1,Skilled,2,No,NO,YES
LOW,48,NoHistory,CarUsed,4605,LOW,LONG,3,MALE,Single,None,4,Other,24,None,FREE,2,Skilled,2,No,NO,NO
NOCHK,12,Critical,Business,1185,LOW,MEDSHORT,3,FEMALE,DivorcedSeparatedMarried,None,2,RealEstate,27,None,OWN,2,Skilled,1,No,NO,YES
NOCHK,12,GoodAtThisBank,Training,3447,MEDHIGH,MEDSHORT,4,FEMALE,DivorcedSeparatedMarried,None,3,RealEstate,35,None,OWN,1,Unskilled,2,No,NO,YES
NOCHK,24,Good,Business,1258,LOW,MEDLONG,4,MALE,Single,None,1,RealEstate,25,None,OWN,1,Skilled,1,YES,NO,YES
NOCHK,12,Critical,AudioTV,717,LOW,LONG,4,MALE,Single,None,4,RealEstate,52,None,OWN,3,Skilled,1,No,NO,YES
NOCHK,6,NoHistory,CarNew,1204,MEDLOW,MEDSHORT,4,MALE,Single,None,1,Other,35,Banks,RENT,1,Skilled,1,No,YES,YES
HIGH,24,Good,Furniture,1925,LOW,MEDSHORT,2,MALE,Single,None,2,RealEstate,26,None,OWN,1,Skilled,1,No,NO,YES
NOCHK,18,Good,AudioTV,433,LOW,Unemployed,3,FEMALE,DivorcedSeparatedMarried,Coapplicant,4,RealEstate,22,None,RENT,1,Skilled,1,No,NO,NO
LOW,6,Critical,CarNew,666,HIGH,MEDLONG,3,FEMALE,DivorcedSeparatedMarried,None,4,RealEstate,39,None,OWN,2,Unskilled,1,YES,NO,YES
HIGH,12,Good,Furniture,2251,LOW,MEDSHORT,1,FEMALE,DivorcedSeparatedMarried,None,2,Automobile,46,None,OWN,1,Unskilled,1,No,NO,YES
MED,30,Good,CarNew,2150,LOW,MEDSHORT,4,FEMALE,DivorcedSeparatedMarried,Guarantor,2,Other,24,Banks,OWN,1,Skilled,1,No,NO,NO
NOCHK,24,SomeDelay,Furniture,4151,MEDLOW,MEDSHORT,2,MALE,Single,None,3,LifeInsurance,35,None,OWN,2,Skilled,1,No,NO,YES
MED,9,Good,Furniture,2030,NOSAV,MEDLONG,2,MALE,Single,None,1,Automobile,24,None,OWN,1,Skilled,1,YES,NO,YES
MED,60,SomeDelay,AudioTV,7418,NOSAV,MEDSHORT,1,MALE,Single,None,1,RealEstate,27,None,OWN,1,Unskilled,1,No,NO,YES
NOCHK,24,Critical,AudioTV,2684,LOW,MEDSHORT,4,MALE,Single,None,2,RealEstate,35,None,OWN,2,Unskilled,1,No,NO,YES
LOW,12,GoodAtThisBank,AudioTV,2149,LOW,MEDSHORT,4,MALE,Separated,None,1,Other,29,None,FREE,1,Skilled,1,No,NO,NO
NOCHK,15,Good,CarUsed,3812,MEDLOW,SHORT,1,FEMALE,DivorcedSeparatedMarried,None,4,Automobile,23,None,OWN,1,Skilled,1,YES,NO,YES
NOCHK,11,Critical,AudioTV,1154,MEDLOW,Unemployed,4,FEMALE,DivorcedSeparatedMarried,None,4,RealEstate,57,None,OWN,3,Unskilled,1,No,NO,YES
LOW,12,Good,Furniture,1657,LOW,MEDSHORT,2,MALE,Single,None,2,RealEstate,27,None,OWN,1,Skilled,1,No,NO,YES
LOW,24,Good,AudioTV,1603,LOW,LONG,4,FEMALE,DivorcedSeparatedMarried,None,4,Automobile,55,None,OWN,1,Skilled,1,No,NO,YES
LOW,18,Critical,CarNew,5302,LOW,LONG,2,MALE,Single,None,4,Other,36,None,FREE,3,Management,1,YES,NO,YES
NOCHK,12,Critical,Education,2748,LOW,LONG,2,FEMALE,DivorcedSeparatedMarried,None,4,Other,57,Banks,FREE,3,Unskilled,1,No,NO,YES
NOCHK,10,Critical,CarNew,1231,LOW,LONG,3,MALE,Single,None,4,RealEstate,32,None,OWN,2,Unskilled,2,No,YES,YES
MED,15,Good,AudioTV,802,LOW,LONG,4,MALE,Single,None,3,Automobile,37,None,OWN,1,Skilled,2,No,NO,NO
NOCHK,36,Critical,Business,6304,NOSAV,LONG,4,MALE,Single,None,4,RealEstate,36,None,OWN,2,Skilled,1,No,NO,YES
NOCHK,24,Good,AudioTV,1533,LOW,SHORT,4,FEMALE,DivorcedSeparatedMarried,None,3,Automobile,38,OtherStores,OWN,1,Skilled,1,YES,NO,YES
LOW,14,Good,CarNew,8978,LOW,LONG,1,MALE,Separated,None,4,LifeInsurance,45,None,OWN,1,Management,1,YES,YES,NO
NOCHK,24,Good,AudioTV,999,NOSAV,LONG,4,MALE,Single,None,2,Automobile,25,None,OWN,2,Skilled,1,No,NO,YES
NOCHK,18,Good,CarNew,2662,NOSAV,MEDLONG,4,MALE,Single,None,3,LifeInsurance,32,None,OWN,1,Skilled,1,No,YES,YES
NOCHK,12,Critical,Furniture,1402,MEDHIGH,MEDLONG,3,FEMALE,DivorcedSeparatedMarried,None,4,Automobile,37,None,RENT,1,Skilled,1,YES,NO,YES
MED,48,GoodAtThisBank,CarNew,12169,NOSAV,Unemployed,4,MALE,Single,Coapplicant,4,Other,36,None,FREE,1,Management,1,YES,NO,YES
MED,48,Good,AudioTV,3060,LOW,MEDLONG,4,MALE,Single,None,4,RealEstate,28,None,OWN,2,Skilled,1,No,NO,NO
LOW,30,Good,Repairs,11998,LOW,SHORT,1,MALE,Separated,None,1,Other,34,None,OWN,1,Unskilled,1,YES,NO,NO
NOCHK,9,Good,AudioTV,2697,LOW,MEDSHORT,1,MALE,Single,None,2,RealEstate,32,None,OWN,1,Skilled,2,No,NO,YES
NOCHK,18,Critical,AudioTV,2404,LOW,MEDSHORT,2,FEMALE,DivorcedSeparatedMarried,None,2,Automobile,26,None,OWN,2,Skilled,1,No,NO,YES
LOW,12,Good,Furniture,1262,NOSAV,LONG,2,MALE,Separated,None,4,LifeInsurance,49,None,OWN,1,Unskilled,1,YES,NO,YES
NOCHK,6,Good,Furniture,4611,LOW,SHORT,1,FEMALE,DivorcedSeparatedMarried,None,4,LifeInsurance,32,None,OWN,1,Skilled,1,No,NO,NO
NOCHK,24,Good,AudioTV,1901,MEDLOW,MEDSHORT,4,MALE,Single,None,4,Automobile,29,None,RENT,1,Management,1,YES,NO,YES
NOCHK,15,Critical,CarUsed,3368,HIGH,LONG,3,MALE,Single,None,4,Other,23,None,RENT,2,Skilled,1,YES,NO,YES
NOCHK,12,Good,Furniture,1574,LOW,MEDSHORT,4,MALE,Single,None,2,RealEstate,50,None,OWN,1,Skilled,1,No,NO,YES
HIGH,18,GoodAtThisBank,AudioTV,1445,NOSAV,MEDLONG,4,MALE,Single,None,4,Automobile,49,Banks,OWN,1,Unskilled,1,No,NO,YES
NOCHK,15,Critical,Furniture,1520,NOSAV,LONG,4,MALE,Single,None,4,LifeInsurance,63,None,OWN,1,Skilled,1,No,NO,YES
MED,24,Critical,CarNew,3878,MEDLOW,SHORT,4,MALE,Separated,None,2,Automobile,37,None,OWN,1,Skilled,1,YES,NO,YES
LOW,47,Good,CarNew,10722,LOW,SHORT,1,FEMALE,DivorcedSeparatedMarried,None,1,RealEstate,35,None,OWN,1,Unskilled,1,YES,NO,YES
LOW,48,Good,CarUsed,4788,LOW,MEDLONG,4,MALE,Single,None,3,LifeInsurance,26,None,OWN,1,Skilled,2,No,NO,YES
MED,48,SomeDelay,CarUsed0,7582,MEDLOW,Unemployed,2,MALE,Single,None,4,Other,31,None,FREE,1,Management,1,YES,NO,YES
MED,12,Good,AudioTV,1092,LOW,MEDSHORT,4,FEMALE,DivorcedSeparatedMarried,Guarantor,4,RealEstate,49,None,OWN,2,Skilled,1,YES,NO,YES
LOW,24,SomeDelay,AudioTV,1024,LOW,SHORT,4,MALE,MarriedWidowed,None,4,RealEstate,48,OtherStores,OWN,1,Skilled,1,No,NO,NO
NOCHK,12,Good,Business,1076,LOW,MEDSHORT,2,MALE,MarriedWidowed,None,2,RealEstate,26,None,OWN,1,Skilled,1,YES,YES,YES
MED,36,Good,CarUsed,9398,LOW,SHORT,1,MALE,MarriedWidowed,None,4,Automobile,28,None,RENT,1,Management,1,YES,NO,NO
LOW,24,Critical,CarUsed,6419,LOW,LONG,2,FEMALE,DivorcedSeparatedMarried,None,4,Other,44,None,FREE,2,Management,2,YES,NO,YES
HIGH,42,Critical,CarUsed,4796,LOW,LONG,4,MALE,Single,None,4,Other,56,None,FREE,1,Skilled,1,No,NO,YES
NOCHK,48,Critical,Business,7629,NOSAV,LONG,4,MALE,Separated,None,2,Automobile,46,Banks,OWN,2,Management,2,No,NO,YES
MED,48,Good,Furniture,9960,LOW,SHORT,1,FEMALE,DivorcedSeparatedMarried,None,2,Automobile,26,None,OWN,1,Skilled,1,YES,NO,NO
NOCHK,12,Good,CarUsed,4675,NOSAV,SHORT,1,FEMALE,DivorcedSeparatedMarried,None,4,Automobile,20,None,RENT,1,Skilled,1,No,NO,YES
NOCHK,10,Good,CarNew,1287,NOSAV,LONG,4,MALE,Single,Coapplicant,2,LifeInsurance,45,None,OWN,1,Unskilled,1,No,YES,YES
NOCHK,18,Good,Furniture,2515,LOW,MEDSHORT,3,MALE,Single,None,4,RealEstate,43,None,OWN,1,Skilled,1,YES,NO,YES
MED,21,Critical,Furniture,2745,HIGH,MEDLONG,3,MALE,Single,None,2,Automobile,32,None,OWN,2,Skilled,1,YES,NO,YES
NOCHK,6,Good,CarNew,672,LOW,Unemployed,1,FEMALE,DivorcedSeparatedMarried,None,4,RealEstate,54,None,OWN,1,Unemployed,1,YES,NO,YES
MED,36,NoHistory,AudioTV,3804,LOW,MEDSHORT,4,FEMALE,DivorcedSeparatedMarried,None,1,Automobile,42,None,OWN,1,Skilled,1,YES,NO,NO
HIGH,24,Critical,CarNew,1344,NOSAV,MEDLONG,4,MALE,Single,None,2,RealEstate,37,Banks,OWN,2,Unskilled,2,No,NO,NO
LOW,10,Critical,CarNew,1038,LOW,MEDLONG,4,MALE,Single,Coapplicant,3,LifeInsurance,49,None,OWN,2,Skilled,1,YES,NO,YES
NOCHK,48,Critical,CarNew,10127,MEDHIGH,MEDSHORT,2,MALE,Single,None,2,Other,44,Banks,FREE,1,Skilled,1,No,NO,NO
NOCHK,6,Good,Furniture,1543,HIGH,MEDSHORT,4,MALE,Separated,None,2,RealEstate,33,None,OWN,1,Skilled,1,No,NO,YES
NOCHK,30,Good,CarUsed,4811,NOSAV,MEDLONG,2,FEMALE,DivorcedSeparatedMarried,None,4,LifeInsurance,24,OtherStores,RENT,1,Unskilled,1,No,NO,YES
LOW,12,Good,AudioTV,727,MEDLOW,SHORT,4,MALE,MarriedWidowed,None,3,Other,33,None,OWN,1,Unskilled,1,YES,NO,NO
MED,8,Good,Furniture,1237,LOW,MEDSHORT,3,FEMALE,DivorcedSeparatedMarried,None,4,RealEstate,24,None,OWN,1,Skilled,1,No,NO,NO
MED,9,Good,CarNew,276,LOW,MEDSHORT,4,MALE,MarriedWidowed,None,4,RealEstate,22,None,RENT,1,Unskilled,1,No,NO,YES
MED,48,Good,CarUsed0,5381,NOSAV,Unemployed,3,MALE,Single,None,4,Other,40,Banks,FREE,1,Unemployed,1,YES,NO,YES
NOCHK,24,Good,Furniture,5511,MEDLOW,MEDSHORT,4,MALE,Single,None,1,Automobile,25,OtherStores,OWN,1,Skilled,1,No,NO,YES
HIGH,24,Good,Furniture,3749,LOW,SHORT,2,FEMALE,DivorcedSeparatedMarried,None,4,Automobile,26,None,OWN,1,Skilled,1,No,NO,YES
MED,12,Good,CarNew,685,LOW,MEDLONG,2,MALE,MarriedWidowed,None,3,Automobile,25,Banks,OWN,1,Unskilled,1,No,NO,NO
HIGH,4,Good,CarNew,1494,NOSAV,SHORT,1,MALE,Single,None,2,RealEstate,29,None,OWN,1,Unskilled,2,No,YES,YES
LOW,36,GoodAtThisBank,Furniture,2746,LOW,LONG,4,MALE,Single,None,4,Automobile,31,Banks,OWN,1,Skilled,1,No,NO,NO
LOW,12,Good,Furniture,708,LOW,MEDSHORT,2,MALE,Single,Guarantor,3,LifeInsurance,38,None,OWN,1,Unskilled,2,No,NO,YES
MED,24,Good,Furniture,4351,NOSAV,MEDSHORT,1,FEMALE,DivorcedSeparatedMarried,None,4,LifeInsurance,48,None,OWN,1,Unskilled,1,YES,NO,YES
NOCHK,12,Critical,Education,701,LOW,MEDSHORT,4,MALE,Single,None,2,Automobile,32,None,OWN,2,Skilled,1,No,NO,YES
LOW,15,SomeDelay,Furniture,3643,LOW,LONG,1,FEMALE,DivorcedSeparatedMarried,None,4,LifeInsurance,27,None,OWN,2,Unskilled,1,No,NO,YES
MED,30,Critical,CarNew,4249,LOW,Unemployed,4,MALE,MarriedWidowed,None,2,Automobile,28,None,OWN,2,Management,1,No,NO,NO
LOW,24,Good,AudioTV,1938,LOW,SHORT,4,MALE,Separated,None,3,LifeInsurance,32,None,OWN,1,Skilled,1,No,NO,NO
LOW,24,Good,CarUsed,2910,LOW,MEDLONG,2,MALE,Single,None,1,Other,34,None,FREE,1,Management,1,YES,NO,YES
LOW,18,Good,Furniture,2659,HIGH,MEDSHORT,4,MALE,Single,None,2,Automobile,28,None,OWN,1,Skilled,1,No,NO,YES
NOCHK,18,Critical,CarNew,1028,LOW,MEDSHORT,4,FEMALE,DivorcedSeparatedMarried,None,3,RealEstate,36,None,OWN,2,Skilled,1,No,NO,YES
LOW,8,Critical,CarNew,3398,LOW,MEDLONG,1,MALE,Single,None,4,RealEstate,39,None,OWN,2,Unskilled,1,No,YES,YES
NOCHK,12,Critical,Furniture,5801,NOSAV,LONG,2,MALE,Single,None,4,LifeInsurance,49,None,RENT,1,Skilled,1,YES,NO,YES
NOCHK,24,Good,CarNew,1525,HIGH,MEDLONG,4,FEMALE,DivorcedSeparatedMarried,None,3,Automobile,34,None,OWN,1,Skilled,2,YES,NO,YES
HIGH,36,Good,AudioTV,4473,LOW,LONG,4,MALE,Single,None,2,Automobile,31,None,OWN,1,Skilled,1,No,NO,YES
MED,6,Good,AudioTV,1068,LOW,LONG,4,MALE,Single,None,4,Automobile,28,None,OWN,1,Skilled,2,No,NO,YES
LOW,24,Critical,CarUsed,6615,LOW,Unemployed,2,MALE,Single,None,4,Other,75,None,FREE,2,Management,1,YES,NO,YES
NOCHK,18,Critical,Education,1864,MEDLOW,MEDSHORT,4,FEMALE,DivorcedSeparatedMarried,None,2,RealEstate,30,None,OWN,2,Skilled,1,No,NO,NO
MED,60,Good,CarNew,7408,MEDLOW,SHORT,4,FEMALE,DivorcedSeparatedMarried,None,2,LifeInsurance,24,None,OWN,1,Management,1,No,NO,NO
NOCHK,48,Critical,CarUsed,11590,MEDLOW,MEDSHORT,2,FEMALE,DivorcedSeparatedMarried,None,4,Automobile,24,Banks,RENT,2,Unskilled,1,No,NO,NO
LOW,24,NoHistory,Furniture,4110,LOW,LONG,3,MALE,Single,None,4,Other,23,Banks,RENT,2,Skilled,2,No,NO,NO
LOW,6,Critical,Furniture,3384,LOW,MEDSHORT,1,MALE,Separated,None,4,RealEstate,44,None,RENT,1,Management,1,YES,NO,NO
MED,13,Good,AudioTV,2101,LOW,SHORT,2,FEMALE,DivorcedSeparatedMarried,Guarantor,4,LifeInsurance,23,None,OWN,1,Unskilled,1,No,NO,YES
LOW,15,Good,Appliances,1275,NOSAV,MEDSHORT,4,FEMALE,DivorcedSeparatedMarried,None,2,Automobile,24,None,RENT,1,Skilled,1,No,NO,NO
LOW,24,Good,Furniture,4169,LOW,MEDSHORT,4,MALE,Single,None,4,LifeInsurance,28,None,OWN,1,Skilled,1,No,NO,YES
MED,10,Good,Furniture,1521,LOW,MEDSHORT,4,MALE,Separated,None,2,Automobile,31,None,OWN,1,Unskilled,1,No,NO,YES
MED,24,Critical,Education,5743,LOW,SHORT,2,FEMALE,DivorcedSeparatedMarried,None,4,Other,24,None,FREE,2,Skilled,1,YES,NO,YES
LOW,21,Good,Furniture,3599,LOW,MEDLONG,1,FEMALE,DivorcedSeparatedMarried,None,4,Automobile,26,None,RENT,1,Unskilled,1,No,NO,YES
MED,18,Good,AudioTV,3213,MEDHIGH,SHORT,1,MALE,MarriedWidowed,None,3,RealEstate,25,None,RENT,1,Skilled,1,No,NO,YES
MED,18,Good,Business,4439,LOW,LONG,1,MALE,Single,Coapplicant,1,RealEstate,33,Banks,OWN,1,Management,1,YES,NO,YES
HIGH,10,Good,CarNew,3949,LOW,SHORT,1,MALE,Single,Guarantor,1,LifeInsurance,37,None,OWN,1,Unskilled,2,No,NO,YES
NOCHK,15,Critical,AudioTV,1459,LOW,MEDSHORT,4,FEMALE,DivorcedSeparatedMarried,None,2,Automobile,43,None,OWN,1,Unskilled,1,No,NO,YES
MED,13,Critical,AudioTV,882,LOW,SHORT,4,MALE,Single,Guarantor,4,RealEstate,23,None,OWN,2,Skilled,1,No,NO,YES
MED,24,Good,AudioTV,3758,MEDHIGH,Unemployed,1,FEMALE,DivorcedSeparatedMarried,None,4,Other,23,None,RENT,1,Unemployed,1,No,NO,YES
NOCHK,6,SomeDelay,Business,1743,MEDLOW,MEDSHORT,1,MALE,Single,None,2,RealEstate,34,None,OWN,2,Unskilled,1,No,NO,YES
MED,9,Critical,Education,1136,HIGH,LONG,4,MALE,Single,None,3,Other,32,None,FREE,2,Skilled,2,No,NO,NO
NOCHK,9,Good,Appliances,1236,LOW,SHORT,1,FEMALE,DivorcedSeparatedMarried,None,4,RealEstate,23,None,RENT,1,Skilled,1,YES,NO,YES
MED,9,Good,Furniture,959,LOW,MEDSHORT,1,FEMALE,DivorcedSeparatedMarried,None,2,Automobile,29,None,OWN,1,Skilled,1,No,YES,NO
NOCHK,18,Critical,CarUsed,3229,NOSAV,Unemployed,2,MALE,Single,None,4,Other,38,None,OWN,1,Management,1,YES,NO,YES
LOW,12,NoHistory,AudioTV,6199,LOW,MEDSHORT,4,MALE,Single,None,2,LifeInsurance,28,None,RENT,2,Skilled,1,YES,NO,NO
NOCHK,10,Good,Education,727,MEDHIGH,LONG,4,MALE,Single,None,4,Other,46,None,FREE,1,Skilled,1,YES,NO,YES
MED,24,Good,CarNew,1246,LOW,SHORT,4,MALE,Single,None,2,RealEstate,23,OtherStores,OWN,1,Unskilled,1,No,NO,NO
NOCHK,12,Critical,AudioTV,2331,NOSAV,LONG,1,MALE,Single,Coapplicant,4,RealEstate,49,None,OWN,1,Skilled,1,YES,NO,YES
NOCHK,36,SomeDelay,AudioTV,4463,LOW,MEDSHORT,4,MALE,Single,None,2,Automobile,26,None,OWN,2,Management,1,YES,NO,NO
NOCHK,12,Good,AudioTV,776,LOW,MEDSHORT,4,MALE,MarriedWidowed,None,2,RealEstate,28,None,OWN,1,Skilled,1,No,NO,YES
LOW,30,Good,Furniture,2406,LOW,MEDLONG,4,FEMALE,DivorcedSeparatedMarried,None,4,RealEstate,23,None,RENT,1,Skilled,1,No,NO,NO
MED,18,Good,Education,1239,NOSAV,MEDSHORT,4,MALE,Single,None,4,Other,61,None,FREE,1,Skilled,1,No,NO,YES
HIGH,12,Good,AudioTV,3399,NOSAV,LONG,2,MALE,Single,None,3,Automobile,37,None,OWN,1,Management,1,No,NO,YES
HIGH,12,SomeDelay,CarNew,2247,LOW,MEDSHORT,2,FEMALE,DivorcedSeparatedMarried,None,2,Automobile,36,OtherStores,OWN,2,Skilled,1,YES,NO,YES
NOCHK,6,Good,Furniture,1766,LOW,MEDSHORT,1,MALE,MarriedWidowed,None,2,LifeInsurance,21,None,RENT,1,Skilled,1,No,NO,YES
LOW,18,Good,Furniture,2473,LOW,Unemployed,4,MALE,Single,None,1,Automobile,25,None,OWN,1,Unemployed,1,No,NO,NO
NOCHK,12,Good,Business,1542,LOW,MEDLONG,2,MALE,Single,None,4,Automobile,36,None,OWN,1,Skilled,1,YES,NO,YES
NOCHK,18,Critical,CarUsed,3850,LOW,MEDLONG,3,MALE,Single,None,1,Automobile,27,None,OWN,2,Skilled,1,No,NO,YES
LOW,18,Good,Furniture,3650,LOW,SHORT,1,FEMALE,DivorcedSeparatedMarried,None,4,Automobile,22,None,RENT,1,Skilled,1,No,NO,YES
LOW,36,Good,Furniture,3446,LOW,LONG,4,MALE,Single,None,2,Automobile,42,None,OWN,1,Skilled,2,No,NO,NO
MED,18,Good,Furniture,3001,LOW,MEDLONG,2,FEMALE,DivorcedSeparatedMarried,None,4,RealEstate,40,None,RENT,1,Skilled,1,No,NO,YES
NOCHK,36,Good,CarNew,3079,NOSAV,MEDSHORT,4,MALE,Single,None,4,RealEstate,36,None,OWN,1,Skilled,1,No,NO,YES
NOCHK,18,Critical,AudioTV,6070,LOW,LONG,3,MALE,Single,None,4,Automobile,33,None,OWN,2,Skilled,1,YES,NO,YES
NOCHK,10,Critical,Furniture,2146,LOW,SHORT,1,FEMALE,DivorcedSeparatedMarried,None,3,RealEstate,23,None,RENT,2,Skilled,1,No,NO,YES
NOCHK,60,Critical,CarNew,13756,NOSAV,LONG,2,MALE,Single,None,4,Other,63,Banks,FREE,1,Management,1,YES,NO,YES
MED,60,GoodAtThisBank,CarUsed0,14782,MEDLOW,LONG,3,FEMALE,DivorcedSeparatedMarried,None,4,Other,60,Banks,FREE,2,Management,1,YES,NO,NO
LOW,48,GoodAtThisBank,Business,7685,LOW,MEDLONG,2,FEMALE,DivorcedSeparatedMarried,Guarantor,4,Automobile,37,None,RENT,1,Skilled,1,No,NO,NO
NOCHK,18,SomeDelay,AudioTV,2320,LOW,Unemployed,2,MALE,MarriedWidowed,None,3,RealEstate,34,None,OWN,2,Skilled,1,No,NO,YES
NOCHK,7,SomeDelay,AudioTV,846,NOSAV,LONG,3,MALE,Single,None,4,Other,36,None,FREE,1,Skilled,1,No,NO,YES
MED,36,Good,CarNew,14318,LOW,LONG,4,MALE,Single,None,2,Other,57,None,FREE,1,Management,1,YES,NO,NO
NOCHK,6,Critical,CarNew,362,MEDLOW,MEDSHORT,4,FEMALE,DivorcedSeparatedMarried,None,4,Automobile,52,None,OWN,2,Unskilled,1,No,NO,YES
LOW,20,Good,Furniture,2212,NOSAV,MEDLONG,4,MALE,Single,None,4,Automobile,39,None,OWN,1,Skilled,1,YES,NO,YES
MED,18,Good,CarUsed,12976,LOW,Unemployed,3,FEMALE,DivorcedSeparatedMarried,None,4,Other,38,None,FREE,1,Management,1,YES,NO,NO
NOCHK,22,Good,CarNew,1283,NOSAV,MEDLONG,4,FEMALE,DivorcedSeparatedMarried,None,4,LifeInsurance,25,None,RENT,1,Skilled,1,No,NO,YES
HIGH,12,Good,CarNew,1330,LOW,SHORT,4,MALE,Single,None,1,RealEstate,26,None,OWN,1,Skilled,1,No,NO,YES
NOCHK,30,SomeDelay,Business,4272,MEDLOW,MEDSHORT,2,MALE,Single,None,2,LifeInsurance,26,None,OWN,2,Unskilled,1,No,NO,YES
NOCHK,18,Critical,AudioTV,2238,LOW,MEDSHORT,2,FEMALE,DivorcedSeparatedMarried,None,1,Automobile,25,None,OWN,2,Skilled,1,No,NO,YES
NOCHK,18,Good,AudioTV,1126,NOSAV,SHORT,4,FEMALE,DivorcedSeparatedMarried,None,2,RealEstate,21,None,RENT,1,Skilled,1,YES,NO,YES
MED,18,Critical,Furniture,7374,LOW,Unemployed,4,MALE,Single,None,4,LifeInsurance,40,OtherStores,OWN,2,Management,1,YES,NO,YES
MED,15,Critical,Business,2326,MEDHIGH,MEDSHORT,2,MALE,Single,None,4,Automobile,27,Banks,OWN,1,Skilled,1,No,NO,YES
NOCHK,9,Good,Business,1449,LOW,MEDLONG,3,FEMALE,DivorcedSeparatedMarried,None,2,Automobile,27,None,OWN,2,Skilled,1,No,NO,YES
NOCHK,18,Good,CarNew,1820,LOW,MEDSHORT,2,MALE,MarriedWidowed,None,2,LifeInsurance,30,None,OWN,1,Management,1,YES,NO,YES
MED,12,Good,Furniture,983,HIGH,SHORT,1,FEMALE,DivorcedSeparatedMarried,None,4,RealEstate,19,None,RENT,1,Unskilled,1,No,NO,YES
LOW,36,Good,CarNew,3249,LOW,MEDLONG,2,MALE,Single,None,4,Other,39,Banks,FREE,1,Management,2,YES,NO,YES
LOW,6,Critical,AudioTV,1957,LOW,MEDLONG,1,FEMALE,DivorcedSeparatedMarried,None,4,Automobile,31,None,OWN,1,Skilled,1,No,NO,YES
NOCHK,9,Critical,Furniture,2406,LOW,Unemployed,2,MALE,Single,None,3,Automobile,31,None,OWN,1,Management,1,No,NO,YES
MED,39,SomeDelay,Education,11760,MEDLOW,MEDLONG,2,MALE,Single,None,3,Other,32,None,RENT,1,Skilled,1,YES,NO,YES
LOW,12,Good,Furniture,2578,LOW,Unemployed,3,FEMALE,DivorcedSeparatedMarried,None,4,Other,55,None,FREE,1,Management,1,No,NO,YES
LOW,36,Critical,Furniture,2348,LOW,MEDSHORT,3,MALE,MarriedWidowed,None,2,LifeInsurance,46,None,OWN,2,Skilled,1,YES,NO,YES
MED,12,Good,CarNew,1223,LOW,LONG,1,MALE,Separated,None,1,RealEstate,46,None,RENT,2,Skilled,1,No,NO,NO
NOCHK,24,Critical,AudioTV,1516,HIGH,MEDSHORT,4,FEMALE,DivorcedSeparatedMarried,None,1,RealEstate,43,None,OWN,2,Unskilled,1,No,NO,YES
NOCHK,18,Good,AudioTV,1473,LOW,SHORT,3,MALE,MarriedWidowed,None,4,RealEstate,39,None,OWN,1,Skilled,1,YES,NO,YES
MED,18,Critical,Business,1887,NOSAV,MEDSHORT,4,MALE,MarriedWidowed,None,4,RealEstate,28,Banks,OWN,2,Skilled,1,No,NO,YES
NOCHK,24,SomeDelay,Business,8648,LOW,SHORT,2,MALE,Single,None,2,Automobile,27,Banks,OWN,2,Skilled,1,YES,NO,NO
NOCHK,14,SomeDelay,CarNew,802,LOW,MEDSHORT,4,MALE,Single,None,2,Automobile,27,None,OWN,2,Unskilled,1,No,NO,YES
MED,18,SomeDelay,CarNew,2899,NOSAV,LONG,4,MALE,Single,None,4,Automobile,43,None,OWN,1,Skilled,2,No,NO,YES
MED,24,Good,AudioTV,2039,LOW,SHORT,1,MALE,MarriedWidowed,None,1,LifeInsurance,22,None,OWN,1,Skilled,1,YES,NO,NO
NOCHK,24,Critical,CarUsed,2197,NOSAV,MEDLONG,4,MALE,Single,None,4,Automobile,43,None,OWN,2,Skilled,2,YES,NO,YES
LOW,15,Good,AudioTV,1053,LOW,SHORT,4,MALE,MarriedWidowed,None,2,RealEstate,27,None,OWN,1,Skilled,1,No,YES,YES
NOCHK,24,Good,AudioTV,3235,MEDHIGH,LONG,3,MALE,Separated,None,2,Automobile,26,None,OWN,1,Management,1,YES,NO,YES
HIGH,12,Critical,CarNew,939,MEDHIGH,MEDLONG,4,MALE,MarriedWidowed,None,2,RealEstate,28,None,OWN,3,Skilled,1,YES,NO,NO
MED,24,Good,AudioTV,1967,LOW,LONG,4,FEMALE,DivorcedSeparatedMarried,None,4,Automobile,20,None,OWN,1,Skilled,1,YES,NO,YES
NOCHK,33,Critical,CarUsed,7253,LOW,MEDLONG,3,MALE,Single,None,2,Automobile,35,None,OWN,2,Management,1,YES,NO,YES
NOCHK,12,Critical,Business,2292,LOW,Unemployed,4,MALE,Single,None,2,Automobile,42,OtherStores,OWN,2,Management,1,YES,NO,NO
NOCHK,10,Good,CarNew,1597,MEDHIGH,MEDSHORT,3,MALE,Single,None,2,Other,40,None,RENT,1,Unskilled,2,No,YES,YES
LOW,24,Good,CarNew,1381,NOSAV,MEDSHORT,4,FEMALE,DivorcedSeparatedMarried,None,2,LifeInsurance,35,None,OWN,1,Skilled,1,No,NO,NO
NOCHK,36,Critical,CarUsed,5842,LOW,LONG,2,MALE,Single,None,2,LifeInsurance,35,None,OWN,2,Skilled,2,YES,NO,YES
LOW,12,Good,CarNew,2579,LOW,SHORT,4,MALE,Single,None,1,RealEstate,33,None,OWN,1,Unskilled,2,No,NO,NO
LOW,18,SomeDelay,Education,8471,NOSAV,MEDSHORT,1,FEMALE,DivorcedSeparatedMarried,None,2,Automobile,23,None,RENT,2,Skilled,1,YES,NO,YES
NOCHK,21,Good,CarNew,2782,MEDHIGH,MEDLONG,1,FEMALE,DivorcedSeparatedMarried,None,2,Automobile,31,Banks,OWN,1,Management,1,No,NO,YES
MED,18,Good,CarNew,1042,NOSAV,MEDSHORT,4,FEMALE,DivorcedSeparatedMarried,None,2,LifeInsurance,33,None,OWN,1,Skilled,1,No,NO,NO
NOCHK,15,Good,CarNew,3186,HIGH,MEDLONG,2,FEMALE,DivorcedSeparatedMarried,None,3,Automobile,20,None,RENT,1,Skilled,1,No,NO,YES
MED,12,Good,CarUsed,2028,NOSAV,MEDSHORT,4,MALE,Single,None,2,Automobile,30,None,OWN,1,Skilled,1,No,NO,YES
MED,12,Critical,CarNew,958,LOW,MEDLONG,2,MALE,Single,None,3,RealEstate,47,None,OWN,2,Unskilled,2,No,NO,YES
NOCHK,21,SomeDelay,Furniture,1591,MEDLOW,MEDLONG,4,MALE,Single,None,3,RealEstate,34,None,OWN,2,Management,1,No,NO,YES
MED,12,Good,Furniture,2762,NOSAV,LONG,1,FEMALE,DivorcedSeparatedMarried,None,2,LifeInsurance,25,Banks,OWN,1,Skilled,1,YES,NO,NO
MED,18,Good,CarUsed,2779,LOW,MEDSHORT,1,MALE,MarriedWidowed,None,3,Automobile,21,None,RENT,1,Skilled,1,YES,NO,YES
NOCHK,28,Critical,AudioTV,2743,LOW,LONG,4,MALE,Single,None,2,Automobile,29,None,OWN,2,Skilled,1,No,NO,YES
NOCHK,18,Critical,AudioTV,1149,HIGH,MEDSHORT,4,MALE,Single,None,3,RealEstate,46,None,OWN,2,Skilled,1,No,NO,YES
NOCHK,9,Good,Furniture,1313,LOW,LONG,1,MALE,Single,None,4,Automobile,20,None,OWN,1,Skilled,1,No,NO,YES
LOW,18,Critical,Repairs,1190,LOW,Unemployed,2,FEMALE,DivorcedSeparatedMarried,None,4,Other,55,None,FREE,3,Unemployed,2,No,NO,NO
NOCHK,5,Good,Business,3448,LOW,MEDLONG,1,MALE,Single,None,4,RealEstate,74,None,OWN,1,Unskilled,1,No,NO,YES
MED,24,Good,CarUsed0,11328,LOW,MEDSHORT,2,MALE,Single,Coapplicant,3,Automobile,29,Banks,OWN,2,Management,1,YES,NO,NO
LOW,6,Critical,Furniture,1872,LOW,Unemployed,4,MALE,Single,None,4,Other,36,None,FREE,3,Management,1,YES,NO,YES
NOCHK,24,Critical,Repairs,2058,LOW,MEDSHORT,4,MALE,Separated,None,2,RealEstate,33,None,OWN,2,Skilled,1,YES,NO,YES
LOW,9,Good,Furniture,2136,LOW,MEDSHORT,3,MALE,Single,None,2,RealEstate,25,None,OWN,1,Skilled,1,No,NO,YES
MED,12,Good,AudioTV,1484,NOSAV,MEDSHORT,2,MALE,MarriedWidowed,None,1,RealEstate,25,None,OWN,1,Skilled,1,YES,NO,NO
NOCHK,6,Good,Repairs,660,MEDHIGH,MEDLONG,2,MALE,MarriedWidowed,None,4,RealEstate,23,None,RENT,1,Unskilled,1,No,NO,YES
NOCHK,24,Critical,CarNew,1287,HIGH,LONG,4,FEMALE,DivorcedSeparatedMarried,None,4,RealEstate,37,None,OWN,2,Skilled,1,YES,NO,YES
LOW,42,Critical,Repairs,3394,LOW,Unemployed,4,MALE,Single,Coapplicant,4,Automobile,65,None,OWN,2,Unemployed,1,No,NO,YES
HIGH,12,GoodAtThisBank,Business,609,LOW,SHORT,4,FEMALE,DivorcedSeparatedMarried,None,1,RealEstate,26,None,OWN,1,Unemployed,1,No,NO,NO
NOCHK,12,Good,CarNew,1884,LOW,LONG,4,MALE,Single,None,4,Automobile,39,None,OWN,1,Management,1,YES,NO,YES
LOW,12,Good,Furniture,1620,LOW,MEDSHORT,2,FEMALE,DivorcedSeparatedMarried,Coapplicant,3,LifeInsurance,30,None,OWN,1,Skilled,1,No,NO,YES
MED,20,SomeDelay,CarUsed0,2629,LOW,MEDSHORT,2,MALE,Single,None,3,Automobile,29,Banks,OWN,2,Skilled,1,YES,NO,YES
NOCHK,12,Good,Education,719,LOW,LONG,4,MALE,Single,None,4,Automobile,41,Banks,OWN,1,Unskilled,2,No,NO,NO
MED,48,Critical,Furniture,5096,LOW,MEDSHORT,2,FEMALE,DivorcedSeparatedMarried,None,3,Automobile,30,None,OWN,1,Management,1,YES,NO,NO
NOCHK,9,Critical,Education,1244,NOSAV,LONG,4,FEMALE,DivorcedSeparatedMarried,None,4,LifeInsurance,41,None,RENT,2,Unskilled,1,No,NO,YES
LOW,36,Good,CarNew,1842,LOW,SHORT,4,FEMALE,DivorcedSeparatedMarried,None,4,Automobile,34,None,OWN,1,Skilled,1,YES,NO,NO
MED,7,Good,AudioTV,2576,LOW,MEDSHORT,2,MALE,Single,Guarantor,2,RealEstate,35,None,OWN,1,Skilled,1,No,NO,YES
HIGH,12,Good,Furniture,1424,NOSAV,LONG,3,FEMALE,DivorcedSeparatedMarried,None,4,RealEstate,55,None,OWN,1,Management,1,YES,NO,YES
MED,15,SomeDelay,Repairs,1512,HIGH,MEDSHORT,3,MALE,MarriedWidowed,None,3,LifeInsurance,61,OtherStores,OWN,2,Skilled,1,No,NO,NO
NOCHK,36,Critical,CarUsed,11054,NOSAV,MEDSHORT,4,MALE,Single,None,2,Automobile,30,None,OWN,1,Management,1,YES,NO,YES
NOCHK,6,Good,AudioTV,518,LOW,MEDSHORT,3,FEMALE,DivorcedSeparatedMarried,None,1,RealEstate,29,None,OWN,1,Skilled,1,No,NO,YES
NOCHK,12,NoHistory,Furniture,2759,LOW,LONG,2,MALE,Single,None,4,LifeInsurance,34,None,OWN,2,Skilled,1,No,NO,YES
NOCHK,24,Good,CarUsed,2670,LOW,LONG,4,MALE,Single,None,4,Automobile,35,None,OWN,1,Management,1,YES,NO,YES
LOW,24,Good,CarNew,4817,LOW,MEDLONG,2,MALE,Single,Coapplicant,3,LifeInsurance,31,None,OWN,1,Skilled,1,YES,NO,NO
NOCHK,24,Good,CarUsed,2679,LOW,SHORT,4,FEMALE,DivorcedSeparatedMarried,None,1,Other,29,None,OWN,1,Management,1,YES,NO,YES
LOW,11,Critical,CarNew,3905,LOW,MEDSHORT,2,MALE,Single,None,2,RealEstate,36,None,RENT,2,Skilled,2,No,NO,YES
LOW,12,Good,CarUsed,3386,LOW,LONG,3,MALE,Single,None,4,Other,35,None,FREE,1,Skilled,1,YES,NO,NO
LOW,6,Good,Appliances,343,LOW,SHORT,4,FEMALE,DivorcedSeparatedMarried,None,1,RealEstate,27,None,OWN,1,Skilled,1,No,NO,YES
NOCHK,18,Good,AudioTV,4594,LOW,SHORT,3,MALE,Single,None,2,Automobile,32,None,OWN,1,Skilled,1,YES,NO,YES
LOW,36,Good,Furniture,3620,LOW,MEDSHORT,1,MALE,Single,Guarantor,2,LifeInsurance,37,None,OWN,1,Skilled,2,No,NO,YES
LOW,15,Good,CarNew,1721,LOW,SHORT,2,MALE,Single,None,3,RealEstate,36,None,OWN,1,Skilled,1,No,NO,YES
MED,12,Good,Furniture,3017,LOW,SHORT,3,FEMALE,DivorcedSeparatedMarried,None,1,RealEstate,34,None,RENT,1,Management,1,No,NO,YES
MED,12,Good,Training,754,NOSAV,LONG,4,MALE,Single,None,4,LifeInsurance,38,None,OWN,2,Skilled,1,No,NO,YES
NOCHK,18,Good,Business,1950,LOW,MEDLONG,4,MALE,Single,None,1,Automobile,34,OtherStores,OWN,2,Skilled,1,YES,NO,YES
LOW,24,Good,CarUsed,2924,LOW,MEDSHORT,3,MALE,Single,Guarantor,4,Other,63,Banks,OWN,1,Skilled,2,YES,NO,YES
LOW,24,SomeDelay,AudioTV,1659,LOW,SHORT,4,FEMALE,DivorcedSeparatedMarried,None,2,Automobile,29,None,RENT,1,Unskilled,1,YES,NO,NO
NOCHK,48,SomeDelay,AudioTV,7238,NOSAV,LONG,3,MALE,Single,None,3,Automobile,32,Banks,OWN,2,Skilled,2,No,NO,YES
NOCHK,33,SomeDelay,Business,2764,LOW,MEDSHORT,2,FEMALE,DivorcedSeparatedMarried,None,2,Automobile,26,None,OWN,2,Skilled,1,YES,NO,YES
NOCHK,24,SomeDelay,CarUsed,4679,LOW,MEDLONG,3,MALE,Single,None,3,Automobile,35,None,OWN,2,Unskilled,1,YES,NO,YES
MED,24,Good,AudioTV,3092,MEDLOW,SHORT,3,MALE,MarriedWidowed,None,2,Automobile,22,None,RENT,1,Skilled,1,YES,NO,NO
LOW,6,Good,Education,448,LOW,SHORT,4,FEMALE,DivorcedSeparatedMarried,None,4,LifeInsurance,23,None,OWN,1,Skilled,1,No,NO,NO
LOW,9,Good,CarNew,654,LOW,MEDSHORT,4,MALE,Single,None,3,Automobile,28,None,OWN,1,Unskilled,1,No,NO,NO
NOCHK,6,Good,Training,1238,NOSAV,Unemployed,4,MALE,Single,None,4,LifeInsurance,36,None,OWN,1,Management,2,YES,NO,YES
MED,18,Critical,AudioTV,1245,LOW,MEDSHORT,4,MALE,MarriedWidowed,None,2,Automobile,33,None,OWN,1,Skilled,1,No,NO,NO
LOW,18,NoHistory,Furniture,3114,LOW,SHORT,1,FEMALE,DivorcedSeparatedMarried,None,4,LifeInsurance,26,None,RENT,1,Skilled,1,No,NO,NO
NOCHK,39,Good,CarUsed,2569,MEDHIGH,MEDSHORT,4,MALE,Single,None,4,Automobile,24,None,OWN,1,Skilled,1,No,NO,YES
HIGH,24,Good,AudioTV,5152,LOW,MEDLONG,4,MALE,Single,None,2,Automobile,25,Banks,OWN,1,Skilled,1,No,NO,YES
MED,12,Good,Business,1037,MEDLOW,MEDLONG,3,MALE,Single,None,4,RealEstate,39,None,OWN,1,Unskilled,1,No,NO,YES
LOW,15,Critical,Furniture,1478,LOW,LONG,4,MALE,Single,None,4,Automobile,44,None,OWN,2,Skilled,2,YES,NO,YES
MED,12,Critical,AudioTV,3573,LOW,MEDSHORT,1,FEMALE,DivorcedSeparatedMarried,None,1,RealEstate,23,None,OWN,1,Unskilled,1,No,NO,YES
MED,24,Good,CarNew,1201,LOW,SHORT,4,MALE,Single,None,1,LifeInsurance,26,None,OWN,1,Skilled,1,No,NO,YES
LOW,30,Good,Furniture,3622,HIGH,LONG,4,FEMALE,DivorcedSeparatedMarried,None,4,LifeInsurance,57,None,RENT,2,Skilled,1,YES,NO,YES
NOCHK,15,SomeDelay,Furniture,960,HIGH,MEDLONG,3,FEMALE,DivorcedSeparatedMarried,None,2,LifeInsurance,30,None,OWN,2,Skilled,1,No,NO,YES
NOCHK,12,Critical,CarNew,1163,MEDHIGH,MEDSHORT,4,MALE,Single,None,4,RealEstate,44,None,OWN,1,Skilled,1,YES,NO,YES
MED,6,SomeDelay,CarNew,1209,LOW,Unemployed,4,MALE,Single,None,4,LifeInsurance,47,None,OWN,1,Management,1,YES,NO,NO
NOCHK,12,Good,AudioTV,3077,LOW,MEDSHORT,2,MALE,Single,None,4,Automobile,52,None,OWN,1,Skilled,1,YES,NO,YES
NOCHK,24,Good,CarNew,3757,LOW,LONG,4,FEMALE,DivorcedSeparatedMarried,Coapplicant,4,Other,62,None,FREE,1,Skilled,1,YES,NO,YES
NOCHK,10,Good,CarNew,1418,MEDLOW,MEDSHORT,3,MALE,Single,None,2,RealEstate,35,None,RENT,1,Unskilled,1,No,YES,YES
NOCHK,6,Good,CarNew,3518,LOW,MEDSHORT,2,MALE,Single,Guarantor,3,LifeInsurance,26,None,RENT,1,Skilled,1,No,NO,YES
NOCHK,12,Critical,AudioTV,1934,LOW,LONG,2,MALE,Single,None,2,Other,26,None,OWN,2,Skilled,1,No,NO,YES
MED,27,NoHistory,Business,8318,LOW,LONG,2,FEMALE,DivorcedSeparatedMarried,None,4,Other,42,None,FREE,2,Management,1,YES,NO,NO
NOCHK,6,Critical,AudioTV,1237,MEDLOW,MEDSHORT,1,FEMALE,DivorcedSeparatedMarried,None,1,LifeInsurance,27,None,OWN,2,Skilled,1,No,NO,YES
MED,6,Good,AudioTV,368,NOSAV,LONG,4,MALE,Single,None,4,LifeInsurance,38,None,OWN,1,Skilled,1,No,NO,YES
LOW,12,Critical,CarNew,2122,LOW,MEDSHORT,3,MALE,Single,None,2,RealEstate,39,None,RENT,2,Unskilled,2,No,YES,YES
LOW,24,Good,Furniture,2996,NOSAV,MEDSHORT,2,MALE,MarriedWidowed,None,4,Automobile,20,None,OWN,1,Skilled,1,No,NO,NO
MED,36,Good,Furniture,9034,MEDLOW,SHORT,4,MALE,Single,Coapplicant,1,Other,29,None,RENT,1,Management,1,YES,NO,NO
NOCHK,24,Critical,Furniture,1585,LOW,MEDLONG,4,MALE,Single,None,3,LifeInsurance,40,None,OWN,2,Skilled,1,No,NO,YES
MED,18,Good,AudioTV,1301,LOW,LONG,4,MALE,MarriedWidowed,Guarantor,2,RealEstate,32,None,OWN,1,Unskilled,1,No,NO,YES
HIGH,6,Critical,CarNew,1323,MEDLOW,LONG,2,MALE,Separated,None,4,Automobile,28,None,OWN,2,Skilled,2,YES,NO,YES
LOW,24,Good,CarNew,3123,LOW,SHORT,4,FEMALE,DivorcedSeparatedMarried,None,1,LifeInsurance,27,None,OWN,1,Skilled,1,No,NO,NO
LOW,36,Good,CarUsed,5493,LOW,LONG,2,MALE,Single,None,4,Other,42,None,FREE,1,Skilled,2,No,NO,YES
HIGH,9,Good,AudioTV,1126,MEDLOW,LONG,2,MALE,Separated,None,4,RealEstate,49,None,OWN,1,Skilled,1,No,NO,YES
MED,24,Critical,AudioTV,1216,MEDLOW,SHORT,4,MALE,Single,None,4,Other,38,Banks,OWN,2,Skilled,2,No,NO,NO
LOW,24,Good,CarNew,1207,LOW,SHORT,4,FEMALE,DivorcedSeparatedMarried,None,4,LifeInsurance,24,None,RENT,1,Skilled,1,No,NO,NO
NOCHK,10,Good,CarNew,1309,NOSAV,MEDSHORT,4,MALE,Single,Guarantor,4,LifeInsurance,27,None,OWN,1,Unskilled,1,No,NO,NO
HIGH,15,Critical,CarUsed,2360,MEDHIGH,MEDSHORT,2,MALE,Single,None,2,Automobile,36,None,OWN,1,Skilled,1,YES,NO,YES
MED,15,GoodAtThisBank,CarNew,6850,MEDLOW,Unemployed,1,MALE,Single,None,2,LifeInsurance,34,None,OWN,1,Management,2,YES,NO,NO
NOCHK,24,Good,AudioTV,1413,LOW,MEDSHORT,4,MALE,MarriedWidowed,None,2,LifeInsurance,28,None,OWN,1,Skilled,1,No,NO,YES
NOCHK,39,Good,CarUsed,8588,MEDLOW,LONG,4,MALE,Single,None,2,Automobile,45,None,OWN,1,Management,1,YES,NO,YES
LOW,12,Good,CarNew,759,LOW,MEDLONG,4,MALE,Single,None,2,RealEstate,26,None,OWN,1,Skilled,1,No,NO,NO
NOCHK,36,Good,CarUsed,4686,LOW,MEDSHORT,2,MALE,Single,None,2,Other,32,None,FREE,1,Management,1,YES,NO,YES
HIGH,15,Good,Business,2687,LOW,MEDLONG,2,MALE,Single,None,4,LifeInsurance,26,None,RENT,1,Skilled,1,YES,NO,YES
MED,12,SomeDelay,AudioTV,585,LOW,MEDSHORT,4,MALE,MarriedWidowed,Coapplicant,4,RealEstate,20,None,RENT,2,Skilled,1,No,NO,YES
NOCHK,24,Good,CarNew,2255,NOSAV,SHORT,4,MALE,Single,None,1,LifeInsurance,54,None,OWN,1,Skilled,1,No,NO,YES
LOW,6,Critical,CarNew,609,LOW,MEDLONG,4,FEMALE,DivorcedSeparatedMarried,None,3,LifeInsurance,37,None,OWN,2,Skilled,1,No,YES,YES
LOW,6,Critical,CarNew,1361,LOW,SHORT,2,MALE,Single,None,4,RealEstate,40,None,OWN,1,Unskilled,2,No,YES,YES
NOCHK,36,Critical,Furniture,7127,LOW,SHORT,2,FEMALE,DivorcedSeparatedMarried,None,4,LifeInsurance,23,None,RENT,2,Skilled,1,YES,NO,NO
LOW,6,Good,CarNew,1203,MEDLOW,LONG,3,MALE,Single,None,2,LifeInsurance,43,None,OWN,1,Skilled,1,YES,NO,YES
NOCHK,6,Critical,AudioTV,700,NOSAV,LONG,4,MALE,Single,None,4,Other,36,None,FREE,2,Skilled,1,No,NO,YES
NOCHK,24,Critical,Repairs,5507,LOW,LONG,3,MALE,Single,None,4,Other,44,None,FREE,2,Skilled,1,No,NO,YES
LOW,18,Good,AudioTV,3190,LOW,MEDSHORT,2,FEMALE,DivorcedSeparatedMarried,None,2,RealEstate,24,None,OWN,1,Skilled,1,No,NO,NO
LOW,48,NoHistory,Furniture,7119,LOW,MEDSHORT,3,MALE,Single,None,4,Other,53,None,FREE,2,Skilled,2,No,NO,NO
NOCHK,24,Good,CarUsed,3488,MEDLOW,MEDLONG,3,FEMALE,DivorcedSeparatedMarried,None,4,Automobile,23,None,OWN,1,Skilled,1,No,NO,YES
MED,18,Good,AudioTV,1113,LOW,MEDSHORT,4,FEMALE,DivorcedSeparatedMarried,Guarantor,4,RealEstate,26,None,OWN,1,Unskilled,2,No,NO,YES
MED,26,Good,CarUsed,7966,LOW,SHORT,2,MALE,Single,None,3,Automobile,30,None,OWN,2,Skilled,1,No,NO,YES
NOCHK,15,Critical,Education,1532,MEDLOW,MEDSHORT,4,FEMALE,DivorcedSeparatedMarried,None,3,Automobile,31,None,OWN,1,Skilled,1,No,NO,YES
NOCHK,4,Critical,AudioTV,1503,LOW,MEDLONG,2,MALE,Single,None,1,RealEstate,42,None,OWN,2,Unskilled,2,No,NO,YES
LOW,36,Good,AudioTV,2302,LOW,MEDSHORT,4,MALE,Separated,None,4,Automobile,31,None,RENT,1,Skilled,1,No,NO,NO
LOW,6,Good,CarNew,662,LOW,SHORT,3,MALE,Single,None,4,RealEstate,41,None,OWN,1,Unskilled,2,YES,NO,YES
MED,36,Good,Education,2273,LOW,MEDLONG,3,MALE,Single,None,1,Automobile,32,None,OWN,2,Skilled,2,No,NO,YES
MED,15,Good,CarNew,2631,MEDLOW,MEDSHORT,2,FEMALE,DivorcedSeparatedMarried,None,4,Automobile,28,None,RENT,2,Skilled,1,YES,NO,NO
NOCHK,12,SomeDelay,CarUsed,1503,LOW,MEDSHORT,4,MALE,MarriedWidowed,None,4,RealEstate,41,None,RENT,1,Skilled,1,No,NO,YES
NOCHK,24,Good,AudioTV,1311,MEDLOW,MEDLONG,4,MALE,MarriedWidowed,None,3,LifeInsurance,26,None,OWN,1,Skilled,1,YES,NO,YES
NOCHK,24,Good,AudioTV,3105,NOSAV,SHORT,4,MALE,Single,None,2,Automobile,25,None,OWN,2,Skilled,1,No,NO,YES
HIGH,21,Critical,Education,2319,LOW,SHORT,2,MALE,Separated,None,1,Automobile,33,None,RENT,1,Skilled,1,No,NO,NO
LOW,6,Good,CarNew,1374,NOSAV,Unemployed,4,FEMALE,DivorcedSeparatedMarried,None,3,LifeInsurance,75,None,OWN,1,Management,1,YES,NO,YES
MED,18,Critical,Furniture,3612,LOW,LONG,3,FEMALE,DivorcedSeparatedMarried,None,4,LifeInsurance,37,None,OWN,1,Skilled,1,YES,NO,YES
LOW,48,Good,CarNew,7763,LOW,LONG,4,MALE,Single,None,4,Other,42,Banks,FREE,1,Management,1,No,NO,NO
HIGH,18,Good,Furniture,3049,LOW,SHORT,1,FEMALE,DivorcedSeparatedMarried,None,1,LifeInsurance,45,OtherStores,OWN,1,Unskilled,1,No,NO,YES
MED,12,Good,AudioTV,1534,LOW,SHORT,1,MALE,MarriedWidowed,None,1,RealEstate,23,None,RENT,1,Skilled,1,No,NO,NO
NOCHK,24,SomeDelay,CarNew,2032,LOW,LONG,4,MALE,Single,None,4,Other,60,None,FREE,2,Skilled,1,YES,NO,YES
LOW,30,Good,Furniture,6350,NOSAV,LONG,4,MALE,Single,None,4,LifeInsurance,31,None,OWN,1,Skilled,1,No,NO,NO
HIGH,18,Good,Furniture,2864,LOW,MEDSHORT,2,MALE,Single,None,1,RealEstate,34,None,OWN,1,Unskilled,2,No,NO,NO
NOCHK,12,Critical,CarNew,1255,LOW,LONG,4,MALE,Single,None,4,RealEstate,61,None,OWN,2,Unskilled,1,No,NO,YES
LOW,24,SomeDelay,CarNew,1333,LOW,Unemployed,4,MALE,Single,None,2,RealEstate,43,None,FREE,2,Skilled,2,No,NO,NO
NOCHK,24,Critical,CarNew,2022,LOW,MEDSHORT,4,FEMALE,DivorcedSeparatedMarried,None,4,Automobile,37,None,OWN,1,Skilled,1,YES,NO,YES
NOCHK,24,Good,AudioTV,1552,LOW,MEDLONG,3,MALE,Single,None,1,Automobile,32,Banks,OWN,1,Skilled,2,No,NO,YES
LOW,12,GoodAtThisBank,AudioTV,626,LOW,MEDSHORT,4,FEMALE,DivorcedSeparatedMarried,None,4,RealEstate,24,Banks,OWN,1,Unskilled,1,No,NO,NO
NOCHK,48,Critical,CarUsed,8858,NOSAV,MEDLONG,2,MALE,Single,None,1,Other,35,None,FREE,2,Skilled,1,YES,NO,YES
NOCHK,12,Critical,Repairs,996,NOSAV,MEDLONG,4,FEMALE,DivorcedSeparatedMarried,None,4,RealEstate,23,None,OWN,2,Skilled,1,No,NO,YES
NOCHK,6,GoodAtThisBank,AudioTV,1750,MEDHIGH,LONG,2,MALE,Single,None,4,LifeInsurance,45,Banks,OWN,1,Unskilled,2,No,NO,YES
LOW,48,Good,AudioTV,6999,LOW,MEDLONG,1,MALE,MarriedWidowed,Guarantor,1,RealEstate,34,None,OWN,2,Skilled,1,YES,NO,NO
MED,12,Critical,CarNew,1995,MEDLOW,SHORT,4,MALE,Single,None,1,Automobile,27,None,OWN,1,Skilled,1,No,NO,YES
MED,9,Good,Education,1199,LOW,MEDLONG,4,FEMALE,DivorcedSeparatedMarried,None,4,LifeInsurance,67,None,OWN,2,Management,1,YES,NO,YES
MED,12,Good,AudioTV,1331,LOW,SHORT,2,MALE,Single,None,1,Automobile,22,OtherStores,OWN,1,Skilled,1,No,NO,NO
MED,18,NoHistory,CarNew,2278,MEDLOW,SHORT,3,FEMALE,DivorcedSeparatedMarried,None,3,Automobile,28,None,OWN,2,Skilled,1,No,NO,NO
NOCHK,21,NoHistory,CarNew,5003,NOSAV,MEDSHORT,1,FEMALE,DivorcedSeparatedMarried,None,4,LifeInsurance,29,Banks,OWN,2,Skilled,1,YES,NO,NO
LOW,24,GoodAtThisBank,Furniture,3552,LOW,MEDLONG,3,MALE,Single,None,4,Automobile,27,Banks,OWN,1,Skilled,1,No,NO,NO
MED,18,Critical,Furniture,1928,LOW,SHORT,2,MALE,Single,None,2,RealEstate,31,None,OWN,2,Unskilled,1,No,NO,NO
LOW,24,Good,CarUsed,2964,NOSAV,LONG,4,MALE,Single,None,4,Other,49,Banks,FREE,1,Skilled,2,YES,NO,YES
LOW,24,GoodAtThisBank,AudioTV,1546,LOW,MEDLONG,4,MALE,Single,Guarantor,4,Automobile,24,Banks,RENT,1,Unskilled,1,No,NO,NO
HIGH,6,SomeDelay,AudioTV,683,LOW,SHORT,2,FEMALE,DivorcedSeparatedMarried,None,1,LifeInsurance,29,Banks,OWN,1,Skilled,1,No,NO,YES
MED,36,Good,CarNew,12389,NOSAV,MEDSHORT,1,MALE,Single,None,4,Other,37,None,FREE,1,Skilled,1,YES,NO,NO
MED,24,SomeDelay,Business,4712,NOSAV,MEDSHORT,4,MALE,Single,None,2,LifeInsurance,37,Banks,OWN,2,Management,1,YES,NO,YES
MED,24,SomeDelay,AudioTV,1553,MEDLOW,MEDLONG,3,FEMALE,DivorcedSeparatedMarried,None,2,LifeInsurance,23,None,RENT,2,Skilled,1,YES,NO,YES
LOW,12,Good,CarNew,1372,LOW,MEDLONG,2,MALE,Separated,None,3,Automobile,36,None,OWN,1,Skilled,1,No,NO,NO
NOCHK,24,Critical,AudioTV,2578,HIGH,LONG,2,MALE,Single,None,2,Automobile,34,None,OWN,1,Skilled,1,No,NO,YES
MED,48,Good,AudioTV,3979,NOSAV,MEDLONG,4,MALE,Single,None,1,Automobile,41,None,OWN,2,Skilled,2,YES,NO,YES
LOW,48,Good,AudioTV,6758,LOW,MEDSHORT,3,FEMALE,DivorcedSeparatedMarried,None,2,Automobile,31,None,OWN,1,Skilled,1,YES,NO,NO
LOW,24,Good,Furniture,3234,LOW,SHORT,4,FEMALE,DivorcedSeparatedMarried,None,4,RealEstate,23,None,RENT,1,Unskilled,1,YES,NO,NO
NOCHK,30,Critical,AudioTV,5954,LOW,MEDLONG,3,MALE,Single,Coapplicant,2,Automobile,38,None,OWN,1,Skilled,1,No,NO,YES
NOCHK,24,Good,CarUsed,5433,NOSAV,Unemployed,2,FEMALE,DivorcedSeparatedMarried,None,4,LifeInsurance,26,None,RENT,1,Management,1,YES,NO,YES
LOW,15,Good,Business,806,LOW,MEDSHORT,4,FEMALE,DivorcedSeparatedMarried,None,4,LifeInsurance,22,None,OWN,1,Unskilled,1,No,NO,YES
MED,9,Good,AudioTV,1082,LOW,LONG,4,MALE,Single,None,4,Automobile,27,None,OWN,2,Unskilled,1,No,NO,YES
NOCHK,15,Critical,Furniture,2788,LOW,MEDLONG,2,FEMALE,DivorcedSeparatedMarried,Coapplicant,3,Automobile,24,Banks,OWN,2,Skilled,1,No,NO,YES
MED,12,Good,AudioTV,2930,LOW,MEDLONG,2,FEMALE,DivorcedSeparatedMarried,None,1,RealEstate,27,None,OWN,1,Skilled,1,No,NO,YES
NOCHK,24,Critical,Education,1927,NOSAV,MEDSHORT,3,FEMALE,DivorcedSeparatedMarried,None,2,Automobile,33,None,OWN,2,Skilled,1,YES,NO,YES
MED,36,Critical,CarNew,2820,LOW,SHORT,4,MALE,Separated,None,4,Automobile,27,None,OWN,2,Skilled,1,No,NO,NO
NOCHK,24,Good,Training,937,LOW,SHORT,4,MALE,MarriedWidowed,None,3,Automobile,27,None,OWN,2,Unskilled,1,No,NO,YES
MED,18,Critical,CarNew,1056,LOW,LONG,3,MALE,Single,Guarantor,3,RealEstate,30,Banks,OWN,2,Skilled,1,No,NO,NO
MED,12,Critical,CarNew,3124,LOW,SHORT,1,MALE,Single,None,3,RealEstate,49,Banks,OWN,2,Unskilled,2,No,NO,YES
NOCHK,9,Good,Furniture,1388,LOW,MEDSHORT,4,FEMALE,DivorcedSeparatedMarried,None,2,RealEstate,26,None,RENT,1,Skilled,1,No,NO,YES
MED,36,Good,Repairs,2384,LOW,SHORT,4,MALE,Single,None,1,Other,33,None,RENT,1,Unskilled,1,No,NO,NO
NOCHK,12,Good,CarNew,2133,NOSAV,LONG,4,FEMALE,DivorcedSeparatedMarried,None,4,Other,52,None,FREE,1,Management,1,YES,NO,YES
LOW,18,Good,Furniture,2039,LOW,MEDSHORT,1,FEMALE,DivorcedSeparatedMarried,None,4,RealEstate,20,Banks,RENT,1,Skilled,1,No,NO,NO
LOW,9,Critical,CarNew,2799,LOW,MEDSHORT,2,MALE,Single,None,2,RealEstate,36,None,RENT,2,Skilled,2,No,NO,YES
LOW,12,Good,Furniture,1289,LOW,MEDSHORT,4,MALE,Single,Guarantor,1,LifeInsurance,21,None,OWN,1,Unskilled,1,No,NO,YES
LOW,18,Good,Appliances,1217,LOW,MEDSHORT,4,MALE,MarriedWidowed,None,3,RealEstate,47,None,OWN,1,Unskilled,1,YES,NO,NO
LOW,12,Critical,Furniture,2246,LOW,LONG,3,MALE,Single,None,3,LifeInsurance,60,None,OWN,2,Skilled,1,No,NO,NO
LOW,12,Critical,AudioTV,385,LOW,MEDLONG,4,FEMALE,DivorcedSeparatedMarried,None,3,RealEstate,58,None,OWN,4,Unskilled,1,YES,NO,YES
MED,24,SomeDelay,CarNew,1965,NOSAV,MEDSHORT,4,FEMALE,DivorcedSeparatedMarried,None,4,Automobile,42,None,RENT,2,Skilled,1,YES,NO,YES
NOCHK,21,Good,Business,1572,HIGH,LONG,4,FEMALE,DivorcedSeparatedMarried,None,4,RealEstate,36,Banks,OWN,1,Unskilled,1,No,NO,YES
MED,24,Good,CarNew,2718,LOW,MEDSHORT,3,FEMALE,DivorcedSeparatedMarried,None,4,LifeInsurance,20,None,RENT,1,Unskilled,1,YES,NO,NO
LOW,24,GoodAtThisBank,CarUsed0,1358,NOSAV,LONG,4,MALE,Single,None,3,Automobile,40,OtherStores,OWN,1,Management,1,YES,NO,NO
MED,6,GoodAtThisBank,CarNew,931,MEDLOW,SHORT,1,FEMALE,DivorcedSeparatedMarried,None,1,LifeInsurance,32,OtherStores,OWN,1,Unskilled,1,No,NO,NO
LOW,24,Good,CarNew,1442,LOW,MEDLONG,4,FEMALE,DivorcedSeparatedMarried,None,4,Automobile,23,None,RENT,2,Skilled,1,No,NO,NO
MED,24,NoHistory,Business,4241,LOW,MEDSHORT,1,MALE,Single,None,4,RealEstate,36,None,OWN,3,Unskilled,1,YES,NO,NO
NOCHK,18,Critical,CarNew,2775,LOW,MEDLONG,2,MALE,Single,None,2,LifeInsurance,31,Banks,OWN,2,Skilled,1,No,NO,NO
NOCHK,24,SomeDelay,Business,3863,LOW,MEDSHORT,1,MALE,Single,None,2,Other,32,None,FREE,1,Skilled,1,No,NO,YES
MED,7,Good,AudioTV,2329,LOW,SHORT,1,FEMALE,DivorcedSeparatedMarried,Guarantor,1,RealEstate,45,None,OWN,1,Skilled,1,No,NO,YES
MED,9,Good,Furniture,918,LOW,MEDSHORT,4,FEMALE,DivorcedSeparatedMarried,None,1,LifeInsurance,30,None,OWN,1,Skilled,1,No,NO,NO
MED,24,GoodAtThisBank,Education,1837,LOW,MEDLONG,4,FEMALE,DivorcedSeparatedMarried,None,4,Other,34,Banks,FREE,1,Unskilled,1,No,NO,NO
NOCHK,36,Good,Furniture,3349,LOW,MEDSHORT,4,FEMALE,DivorcedSeparatedMarried,None,2,Automobile,28,None,OWN,1,Management,1,YES,NO,NO
HIGH,10,Good,Furniture,1275,LOW,SHORT,4,FEMALE,DivorcedSeparatedMarried,None,2,LifeInsurance,23,None,OWN,1,Skilled,1,No,NO,YES
LOW,24,GoodAtThisBank,Furniture,2828,MEDHIGH,MEDSHORT,4,MALE,Single,None,4,RealEstate,22,OtherStores,OWN,1,Skilled,1,YES,NO,YES
NOCHK,24,Critical,Business,4526,LOW,MEDSHORT,3,MALE,Single,None,2,RealEstate,74,None,OWN,1,Management,1,YES,NO,YES
MED,36,Good,AudioTV,2671,MEDLOW,MEDSHORT,4,FEMALE,DivorcedSeparatedMarried,Coapplicant,4,Other,50,None,FREE,1,Skilled,1,No,NO,NO
NOCHK,18,Good,AudioTV,2051,LOW,SHORT,4,MALE,Single,None,1,RealEstate,33,None,OWN,1,Skilled,1,No,NO,YES
NOCHK,15,Good,CarUsed,1300,NOSAV,LONG,4,MALE,Single,None,4,Other,45,Banks,FREE,1,Skilled,2,No,NO,YES
LOW,12,Good,Appliances,741,MEDLOW,Unemployed,4,FEMALE,DivorcedSeparatedMarried,None,3,LifeInsurance,22,None,OWN,1,Skilled,1,No,NO,NO
HIGH,10,Good,CarNew,1240,MEDLOW,LONG,1,FEMALE,DivorcedSeparatedMarried,None,4,Other,48,None,FREE,1,Unskilled,2,No,NO,NO
LOW,21,Good,AudioTV,3357,HIGH,SHORT,4,FEMALE,DivorcedSeparatedMarried,None,2,Automobile,29,Banks,OWN,1,Skilled,1,No,NO,YES
LOW,24,GoodAtThisBank,CarUsed,3632,LOW,MEDSHORT,1,FEMALE,DivorcedSeparatedMarried,Guarantor,4,Automobile,22,Banks,RENT,1,Skilled,1,No,YES,YES
NOCHK,18,SomeDelay,Furniture,1808,LOW,MEDLONG,4,FEMALE,DivorcedSeparatedMarried,None,1,RealEstate,22,None,OWN,1,Skilled,1,No,NO,NO
MED,48,NoHistory,Business,12204,NOSAV,MEDSHORT,2,MALE,Single,None,2,Automobile,48,Banks,OWN,1,Management,1,YES,NO,YES
MED,60,SomeDelay,AudioTV,9157,NOSAV,MEDSHORT,2,MALE,Single,None,2,Other,27,None,FREE,1,Management,1,No,NO,YES
LOW,6,Critical,CarNew,3676,LOW,MEDSHORT,1,MALE,Single,None,3,RealEstate,37,None,RENT,3,Skilled,2,No,NO,YES
MED,30,Good,Furniture,3441,MEDLOW,MEDSHORT,2,FEMALE,DivorcedSeparatedMarried,Coapplicant,4,Automobile,21,None,RENT,1,Skilled,1,No,NO,NO
NOCHK,12,Good,CarNew,640,LOW,MEDSHORT,4,MALE,Separated,None,2,RealEstate,49,None,OWN,1,Unskilled,1,No,NO,YES
MED,21,Critical,Business,3652,LOW,MEDLONG,2,MALE,Single,None,3,LifeInsurance,27,None,OWN,2,Skilled,1,No,NO,YES
NOCHK,18,Critical,CarNew,1530,LOW,MEDSHORT,3,MALE,Single,None,2,LifeInsurance,32,Banks,OWN,2,Skilled,1,No,NO,NO
NOCHK,48,Good,Business,3914,NOSAV,MEDSHORT,4,MALE,Separated,None,2,RealEstate,38,Banks,OWN,1,Skilled,1,No,NO,NO
LOW,12,Good,Furniture,1858,LOW,SHORT,4,FEMALE,DivorcedSeparatedMarried,None,1,Automobile,22,None,RENT,1,Skilled,1,No,NO,YES
LOW,18,Good,AudioTV,2600,LOW,MEDSHORT,4,MALE,Single,None,4,Other,65,None,FREE,2,Skilled,1,No,NO,NO
NOCHK,15,Good,AudioTV,1979,NOSAV,LONG,4,MALE,Single,None,2,Automobile,35,None,OWN,1,Skilled,1,No,NO,YES
HIGH,6,Good,Furniture,2116,LOW,MEDSHORT,2,MALE,Single,None,2,RealEstate,41,None,OWN,1,Skilled,1,YES,NO,YES
MED,9,GoodAtThisBank,CarNew,1437,MEDLOW,MEDLONG,2,MALE,Single,None,3,Other,29,None,OWN,1,Skilled,1,No,NO,NO
NOCHK,42,Critical,Furniture,4042,MEDHIGH,MEDSHORT,4,MALE,Single,None,4,RealEstate,36,None,OWN,2,Skilled,1,YES,NO,YES
NOCHK,9,Good,Education,3832,NOSAV,LONG,1,MALE,Single,None,4,RealEstate,64,None,OWN,1,Unskilled,1,No,NO,YES
LOW,24,Good,AudioTV,3660,LOW,MEDSHORT,2,FEMALE,DivorcedSeparatedMarried,None,4,Automobile,28,None,OWN,1,Skilled,1,No,NO,YES
LOW,18,GoodAtThisBank,Furniture,1553,LOW,MEDSHORT,4,MALE,Single,None,3,Automobile,44,Banks,OWN,1,Skilled,1,No,NO,NO
MED,15,Good,AudioTV,1444,NOSAV,SHORT,4,MALE,Single,None,1,LifeInsurance,23,None,OWN,1,Skilled,1,No,NO,YES
NOCHK,9,Good,Furniture,1980,LOW,SHORT,2,FEMALE,DivorcedSeparatedMarried,Coapplicant,2,Automobile,19,None,RENT,2,Skilled,1,No,NO,NO
MED,24,Good,CarNew,1355,LOW,SHORT,3,FEMALE,DivorcedSeparatedMarried,None,4,Automobile,25,None,OWN,1,Unskilled,1,YES,NO,NO
NOCHK,12,Good,Education,1393,LOW,LONG,4,MALE,Single,None,4,LifeInsurance,47,Banks,OWN,3,Skilled,2,YES,NO,YES
NOCHK,24,Good,AudioTV,1376,MEDHIGH,MEDLONG,4,FEMALE,DivorcedSeparatedMarried,None,1,Automobile,28,None,OWN,1,Skilled,1,No,NO,YES
NOCHK,60,SomeDelay,AudioTV,15653,LOW,MEDLONG,2,MALE,Single,None,4,Automobile,21,None,OWN,2,Skilled,1,YES,NO,YES
NOCHK,12,Good,AudioTV,1493,LOW,SHORT,4,FEMALE,DivorcedSeparatedMarried,None,3,Automobile,34,None,OWN,1,Skilled,2,No,NO,YES
LOW,42,SomeDelay,AudioTV,4370,LOW,MEDLONG,3,MALE,Single,None,2,LifeInsurance,26,Banks,OWN,2,Skilled,2,YES,NO,NO
LOW,18,Good,Education,750,LOW,Unemployed,4,FEMALE,DivorcedSeparatedMarried,None,1,RealEstate,27,None,OWN,1,Unemployed,1,No,NO,NO
MED,15,Good,Repairs,1308,LOW,LONG,4,MALE,Single,None,4,Automobile,38,None,OWN,2,Unskilled,1,No,NO,YES
NOCHK,15,Good,Education,4623,MEDLOW,MEDSHORT,3,MALE,Single,None,2,LifeInsurance,40,None,OWN,1,Management,1,YES,NO,NO
NOCHK,24,Critical,AudioTV,1851,LOW,MEDLONG,4,MALE,MarriedWidowed,Guarantor,2,Automobile,33,None,OWN,2,Skilled,1,YES,NO,YES
LOW,18,Critical,AudioTV,1880,LOW,MEDLONG,4,MALE,MarriedWidowed,None,1,LifeInsurance,32,None,OWN,2,Management,1,YES,NO,YES
NOCHK,36,SomeDelay,Business,7980,NOSAV,SHORT,4,MALE,Single,None,4,Automobile,27,None,RENT,2,Skilled,1,YES,NO,NO
LOW,30,NoHistory,Furniture,4583,LOW,MEDSHORT,2,MALE,Separated,Guarantor,2,RealEstate,32,None,OWN,2,Skilled,1,No,NO,YES
NOCHK,12,Good,CarNew,1386,MEDHIGH,MEDSHORT,2,FEMALE,DivorcedSeparatedMarried,None,2,LifeInsurance,26,None,OWN,1,Skilled,1,No,NO,NO
HIGH,24,Good,CarNew,947,LOW,MEDLONG,4,MALE,Single,None,3,Other,38,Banks,FREE,1,Skilled,2,No,NO,NO
LOW,12,Good,Education,684,LOW,MEDSHORT,4,MALE,Single,None,4,Automobile,40,None,RENT,1,Unskilled,2,No,NO,NO
LOW,48,Good,Education,7476,LOW,MEDLONG,4,MALE,Single,None,1,Other,50,None,FREE,1,Management,1,YES,NO,YES
MED,12,Good,Furniture,1922,LOW,MEDSHORT,4,MALE,Single,None,2,LifeInsurance,37,None,OWN,1,Unskilled,1,No,NO,NO
LOW,24,Good,CarNew,2303,LOW,LONG,4,MALE,Single,Coapplicant,1,RealEstate,45,None,OWN,1,Skilled,1,No,NO,NO
MED,36,SomeDelay,CarNew,8086,MEDLOW,LONG,2,MALE,Single,None,4,Automobile,42,None,OWN,4,Management,1,YES,NO,NO
NOCHK,24,Critical,CarUsed,2346,LOW,MEDLONG,4,MALE,Single,None,3,Automobile,35,None,OWN,2,Skilled,1,YES,NO,YES
LOW,14,Good,CarNew,3973,LOW,Unemployed,1,MALE,Single,None,4,Other,22,None,FREE,1,Skilled,1,No,NO,YES
MED,12,Good,CarNew,888,LOW,LONG,4,MALE,Single,None,4,Automobile,41,Banks,OWN,1,Unskilled,2,No,NO,NO
NOCHK,48,Good,AudioTV,10222,NOSAV,MEDLONG,4,MALE,Single,None,3,Automobile,37,OtherStores,OWN,1,Skilled,1,YES,NO,YES
MED,30,NoHistory,Business,4221,LOW,MEDSHORT,2,FEMALE,DivorcedSeparatedMarried,None,1,Automobile,28,None,OWN,2,Skilled,1,No,NO,YES
MED,18,Critical,Furniture,6361,LOW,LONG,2,MALE,Single,None,1,Other,41,None,OWN,1,Skilled,1,YES,NO,YES
HIGH,12,Good,AudioTV,1297,LOW,MEDSHORT,3,MALE,MarriedWidowed,None,4,RealEstate,23,None,RENT,1,Skilled,1,No,NO,YES
LOW,12,Good,CarNew,900,NOSAV,MEDSHORT,4,MALE,MarriedWidowed,None,2,Automobile,23,None,OWN,1,Skilled,1,No,NO,NO
NOCHK,21,Good,Furniture,2241,LOW,LONG,4,MALE,Single,None,2,RealEstate,50,None,OWN,2,Skilled,1,No,NO,YES
MED,6,SomeDelay,Furniture,1050,LOW,Unemployed,4,MALE,Single,None,1,LifeInsurance,35,OtherStores,OWN,2,Management,1,YES,NO,YES
HIGH,6,Critical,Education,1047,LOW,MEDSHORT,2,FEMALE,DivorcedSeparatedMarried,None,4,LifeInsurance,50,None,OWN,1,Unskilled,1,No,NO,YES
NOCHK,24,Critical,CarUsed0,6314,LOW,Unemployed,4,MALE,Single,Coapplicant,2,Other,27,Banks,OWN,2,Management,1,YES,NO,YES
MED,30,GoodAtThisBank,Furniture,3496,HIGH,MEDSHORT,4,MALE,Single,None,2,Automobile,34,OtherStores,OWN,1,Skilled,2,YES,NO,YES
NOCHK,48,GoodAtThisBank,Business,3609,LOW,MEDSHORT,1,FEMALE,DivorcedSeparatedMarried,None,1,RealEstate,27,OtherStores,OWN,1,Skilled,1,No,NO,YES
LOW,12,Critical,CarNew,4843,LOW,LONG,3,MALE,Single,Coapplicant,4,LifeInsurance,43,None,RENT,2,Skilled,1,YES,NO,NO
HIGH,30,Critical,AudioTV,3017,LOW,LONG,4,MALE,Single,None,4,LifeInsurance,47,None,OWN,1,Skilled,1,No,NO,YES
NOCHK,24,Critical,Business,4139,MEDLOW,MEDSHORT,3,MALE,Single,None,3,LifeInsurance,27,None,OWN,2,Unskilled,1,YES,NO,YES
NOCHK,36,Good,Business,5742,MEDLOW,MEDLONG,2,MALE,Single,None,2,Automobile,31,None,OWN,2,Skilled,1,YES,NO,YES
NOCHK,60,Good,CarNew,10366,LOW,LONG,2,MALE,Single,None,4,LifeInsurance,42,None,OWN,1,Management,1,YES,NO,YES
NOCHK,6,Critical,CarNew,2080,MEDHIGH,MEDSHORT,1,MALE,MarriedWidowed,None,2,Automobile,24,None,OWN,1,Skilled,1,No,NO,YES
NOCHK,21,SomeDelay,Business,2580,MEDHIGH,SHORT,4,MALE,Single,None,2,RealEstate,41,Banks,OWN,1,Unskilled,2,No,NO,NO
NOCHK,30,Critical,AudioTV,4530,LOW,MEDLONG,4,FEMALE,DivorcedSeparatedMarried,None,4,Automobile,26,None,RENT,1,Management,1,YES,NO,YES
NOCHK,24,Critical,Furniture,5150,LOW,LONG,4,MALE,Single,None,4,Automobile,33,None,OWN,1,Skilled,1,YES,NO,YES
MED,72,Good,AudioTV,5595,MEDLOW,MEDSHORT,2,MALE,MarriedWidowed,None,2,Automobile,24,None,OWN,1,Skilled,1,No,NO,NO
LOW,24,Good,AudioTV,2384,LOW,LONG,4,MALE,Single,None,4,RealEstate,64,Banks,RENT,1,Unskilled,1,No,NO,YES
NOCHK,18,Good,AudioTV,1453,LOW,SHORT,3,FEMALE,DivorcedSeparatedMarried,None,1,RealEstate,26,None,OWN,1,Skilled,1,No,NO,YES
NOCHK,6,Good,Education,1538,LOW,SHORT,1,FEMALE,DivorcedSeparatedMarried,None,2,Other,56,None,OWN,1,Skilled,1,No,NO,YES
NOCHK,12,Good,AudioTV,2279,NOSAV,MEDSHORT,4,MALE,Single,None,4,Other,37,None,FREE,1,Skilled,1,YES,NO,YES
NOCHK,15,SomeDelay,AudioTV,1478,LOW,MEDSHORT,4,MALE,MarriedWidowed,None,3,RealEstate,33,Banks,OWN,2,Skilled,1,No,NO,YES
NOCHK,24,Critical,AudioTV,5103,LOW,SHORT,3,MALE,MarriedWidowed,None,3,Other,47,None,FREE,3,Skilled,1,YES,NO,YES
MED,36,SomeDelay,Business,9857,MEDLOW,MEDLONG,1,MALE,Single,None,3,LifeInsurance,31,None,OWN,2,Unskilled,2,YES,NO,YES
NOCHK,60,Good,CarNew,6527,NOSAV,MEDSHORT,4,MALE,Single,None,4,Other,34,None,FREE,1,Skilled,2,YES,NO,YES
HIGH,10,Critical,AudioTV,1347,NOSAV,MEDLONG,4,MALE,Single,None,2,LifeInsurance,27,None,OWN,2,Skilled,1,YES,NO,YES
MED,36,SomeDelay,CarNew,2862,MEDLOW,LONG,4,MALE,Single,None,3,Other,30,None,FREE,1,Skilled,1,No,NO,YES
NOCHK,9,Good,AudioTV,2753,MEDLOW,LONG,3,MALE,Single,Coapplicant,4,Automobile,35,None,OWN,1,Skilled,1,YES,NO,YES
LOW,12,Good,CarNew,3651,HIGH,MEDSHORT,1,MALE,Single,None,3,LifeInsurance,31,None,OWN,1,Skilled,2,No,NO,YES
LOW,15,Critical,Furniture,975,LOW,MEDSHORT,2,MALE,Separated,None,3,LifeInsurance,25,None,OWN,2,Skilled,1,No,NO,YES
MED,15,Good,Repairs,2631,MEDLOW,MEDSHORT,3,FEMALE,DivorcedSeparatedMarried,None,2,RealEstate,25,None,OWN,1,Unskilled,1,No,NO,YES
MED,24,Good,AudioTV,2896,MEDLOW,SHORT,2,MALE,Single,None,1,Automobile,29,None,OWN,1,Skilled,1,No,NO,YES
LOW,6,Critical,CarNew,4716,NOSAV,SHORT,1,MALE,Single,None,3,RealEstate,44,None,OWN,2,Unskilled,2,No,NO,YES
NOCHK,24,Good,AudioTV,2284,LOW,MEDLONG,4,MALE,Single,None,2,Automobile,28,None,OWN,1,Skilled,1,YES,NO,YES
NOCHK,6,Good,CarUsed,1236,MEDHIGH,MEDSHORT,2,MALE,Single,None,4,LifeInsurance,50,None,RENT,1,Skilled,1,No,NO,YES
MED,12,Good,AudioTV,1103,LOW,MEDLONG,4,MALE,Single,Guarantor,3,RealEstate,29,None,OWN,2,Skilled,1,No,YES,YES
NOCHK,12,Critical,CarNew,926,LOW,Unemployed,1,FEMALE,DivorcedSeparatedMarried,None,2,LifeInsurance,38,None,OWN,1,Unemployed,1,No,NO,YES
NOCHK,18,Critical,AudioTV,1800,LOW,MEDSHORT,4,MALE,Single,None,2,Automobile,24,None,OWN,2,Skilled,1,No,NO,YES
HIGH,15,Good,Education,1905,LOW,LONG,4,MALE,Single,None,4,Automobile,40,None,RENT,1,Management,1,YES,NO,YES
NOCHK,12,Good,Furniture,1123,MEDHIGH,MEDSHORT,4,FEMALE,DivorcedSeparatedMarried,None,4,Automobile,29,None,RENT,1,Unskilled,1,No,NO,NO
LOW,48,Critical,CarUsed,6331,LOW,LONG,4,MALE,Single,None,4,Other,46,None,FREE,2,Skilled,1,YES,NO,NO
HIGH,24,Good,AudioTV,1377,MEDLOW,LONG,4,FEMALE,DivorcedSeparatedMarried,None,2,Other,47,None,FREE,1,Skilled,1,YES,NO,YES
MED,30,SomeDelay,Business,2503,MEDLOW,LONG,4,MALE,Single,None,2,LifeInsurance,41,OtherStores,OWN,2,Skilled,1,No,NO,YES
MED,27,Good,Business,2528,LOW,SHORT,4,FEMALE,DivorcedSeparatedMarried,None,1,LifeInsurance,32,None,OWN,1,Skilled,2,YES,NO,YES
NOCHK,15,Good,CarNew,5324,MEDHIGH,LONG,1,FEMALE,DivorcedSeparatedMarried,None,4,Other,35,None,FREE,1,Skilled,1,No,NO,YES
MED,48,Good,CarNew,6560,MEDLOW,MEDLONG,3,MALE,Single,None,2,LifeInsurance,24,None,OWN,1,Skilled,1,No,NO,NO
MED,12,NoHistory,Furniture,2969,LOW,SHORT,4,FEMALE,DivorcedSeparatedMarried,None,3,LifeInsurance,25,None,RENT,2,Skilled,1,No,NO,NO
MED,9,Good,AudioTV,1206,LOW,LONG,4,FEMALE,DivorcedSeparatedMarried,None,4,RealEstate,25,None,OWN,1,Skilled,1,No,NO,YES
MED,9,Good,AudioTV,2118,LOW,MEDSHORT,2,MALE,Single,None,2,RealEstate,37,None,OWN,1,Unskilled,2,No,NO,YES
NOCHK,18,Critical,AudioTV,629,MEDHIGH,LONG,4,MALE,Single,None,3,LifeInsurance,32,Banks,OWN,2,Management,1,YES,NO,YES
LOW,6,GoodAtThisBank,Education,1198,LOW,LONG,4,FEMALE,DivorcedSeparatedMarried,None,4,Other,35,None,FREE,1,Skilled,1,No,NO,NO
NOCHK,21,Good,CarUsed,2476,NOSAV,LONG,4,MALE,Single,None,4,RealEstate,46,None,OWN,1,Management,1,YES,NO,YES
LOW,9,Critical,AudioTV,1138,LOW,MEDSHORT,4,MALE,Single,None,4,RealEstate,25,None,OWN,2,Unskilled,1,No,NO,YES
MED,60,Good,CarNew,14027,LOW,MEDLONG,4,MALE,Single,None,2,Other,27,None,OWN,1,Management,1,YES,NO,NO
NOCHK,30,Critical,CarUsed,7596,NOSAV,LONG,1,MALE,Single,None,4,Automobile,63,None,OWN,2,Skilled,1,No,NO,YES
NOCHK,30,Critical,AudioTV,3077,NOSAV,LONG,3,MALE,Single,None,2,Automobile,40,None,OWN,2,Skilled,2,YES,NO,YES
NOCHK,18,Good,AudioTV,1505,LOW,MEDSHORT,4,MALE,Single,None,2,Other,32,None,FREE,1,Management,1,YES,NO,YES
HIGH,24,Critical,AudioTV,3148,NOSAV,MEDSHORT,3,MALE,Single,None,2,Automobile,31,None,OWN,2,Skilled,1,YES,NO,YES
MED,20,NoHistory,CarUsed,6148,MEDLOW,LONG,3,MALE,MarriedWidowed,None,4,Automobile,31,Banks,OWN,2,Skilled,1,YES,NO,YES
HIGH,9,NoHistory,AudioTV,1337,LOW,SHORT,4,MALE,Single,None,2,Automobile,34,None,OWN,2,Management,1,YES,NO,NO
MED,6,GoodAtThisBank,Education,433,HIGH,SHORT,4,FEMALE,DivorcedSeparatedMarried,None,2,LifeInsurance,24,Banks,RENT,1,Skilled,2,No,NO,NO
LOW,12,Good,CarNew,1228,LOW,MEDSHORT,4,FEMALE,DivorcedSeparatedMarried,None,2,RealEstate,24,None,OWN,1,Unskilled,1,No,NO,NO
MED,9,Good,AudioTV,790,MEDHIGH,MEDSHORT,4,FEMALE,DivorcedSeparatedMarried,None,3,RealEstate,66,None,OWN,1,Unskilled,1,No,NO,YES
NOCHK,27,Good,CarNew,2570,LOW,MEDSHORT,3,FEMALE,DivorcedSeparatedMarried,None,3,RealEstate,21,None,RENT,1,Skilled,1,No,NO,NO
NOCHK,6,Critical,CarNew,250,HIGH,MEDSHORT,2,FEMALE,DivorcedSeparatedMarried,None,2,RealEstate,41,Banks,OWN,2,Unskilled,1,No,NO,YES
NOCHK,15,Critical,AudioTV,1316,MEDHIGH,MEDSHORT,2,MALE,MarriedWidowed,None,2,LifeInsurance,47,None,OWN,2,Unskilled,1,No,NO,YES
LOW,18,Good,AudioTV,1882,LOW,MEDSHORT,4,FEMALE,DivorcedSeparatedMarried,None,4,Automobile,25,Banks,RENT,2,Skilled,1,No,NO,NO
MED,48,GoodAtThisBank,Business,6416,LOW,LONG,4,FEMALE,DivorcedSeparatedMarried,None,3,Other,59,None,RENT,1,Skilled,1,No,NO,NO
HIGH,24,Critical,Business,1275,HIGH,MEDSHORT,2,MALE,Separated,None,4,RealEstate,36,None,OWN,2,Skilled,1,YES,NO,YES
MED,24,SomeDelay,AudioTV,6403,LOW,SHORT,1,MALE,Single,None,2,Automobile,33,None,OWN,1,Skilled,1,No,NO,YES
LOW,24,Good,AudioTV,1987,LOW,MEDSHORT,2,MALE,Single,None,4,RealEstate,21,None,RENT,1,Unskilled,2,No,NO,NO
MED,8,Good,AudioTV,760,LOW,MEDLONG,4,FEMALE,DivorcedSeparatedMarried,Guarantor,2,RealEstate,44,None,OWN,1,Unskilled,1,No,NO,YES
NOCHK,24,Good,CarUsed,2603,HIGH,MEDSHORT,2,FEMALE,DivorcedSeparatedMarried,None,4,Automobile,28,None,RENT,1,Skilled,1,YES,NO,YES
NOCHK,4,Critical,CarNew,3380,LOW,MEDLONG,1,FEMALE,DivorcedSeparatedMarried,None,1,RealEstate,37,None,OWN,1,Skilled,2,No,NO,YES
MED,36,GoodAtThisBank,Appliances,3990,NOSAV,SHORT,3,FEMALE,DivorcedSeparatedMarried,None,2,Other,29,Banks,OWN,1,Unemployed,1,No,NO,YES
MED,24,Good,CarUsed,11560,LOW,MEDSHORT,1,FEMALE,DivorcedSeparatedMarried,None,4,Automobile,23,None,RENT,2,Management,1,No,NO,NO
LOW,18,Good,CarNew,4380,MEDLOW,MEDSHORT,3,MALE,Single,None,4,Automobile,35,None,OWN,1,Unskilled,2,YES,NO,YES
NOCHK,6,Critical,CarNew,6761,LOW,MEDLONG,1,MALE,Single,None,3,Other,45,None,OWN,2,Management,2,YES,NO,YES
MED,30,NoHistory,Business,4280,MEDLOW,MEDSHORT,4,FEMALE,DivorcedSeparatedMarried,None,4,Automobile,26,None,RENT,2,Unskilled,1,No,NO,NO
LOW,24,GoodAtThisBank,CarNew,2325,MEDLOW,MEDLONG,2,MALE,Single,None,3,Automobile,32,Banks,OWN,1,Skilled,1,No,NO,YES
MED,10,GoodAtThisBank,AudioTV,1048,LOW,MEDSHORT,4,MALE,Single,None,4,RealEstate,23,OtherStores,OWN,1,Unskilled,1,No,NO,YES
NOCHK,21,Good,AudioTV,3160,NOSAV,LONG,4,MALE,Single,None,3,LifeInsurance,41,None,OWN,1,Skilled,1,YES,NO,YES
LOW,24,GoodAtThisBank,Furniture,2483,MEDHIGH,MEDSHORT,4,MALE,Single,None,4,RealEstate,22,OtherStores,OWN,1,Skilled,1,YES,NO,YES
LOW,39,Critical,Furniture,14179,NOSAV,MEDLONG,4,MALE,Single,None,4,LifeInsurance,30,None,OWN,2,Management,1,YES,NO,YES
LOW,13,Critical,Business,1797,LOW,SHORT,3,MALE,Single,None,1,LifeInsurance,28,Banks,OWN,2,Unskilled,1,No,NO,YES
LOW,15,Good,CarNew,2511,LOW,Unemployed,1,FEMALE,DivorcedSeparatedMarried,None,4,Automobile,23,None,RENT,1,Skilled,1,No,NO,YES
LOW,12,Good,CarNew,1274,LOW,SHORT,3,FEMALE,DivorcedSeparatedMarried,None,1,RealEstate,37,None,OWN,1,Unskilled,1,No,NO,NO
NOCHK,21,Good,CarUsed,5248,NOSAV,MEDSHORT,1,MALE,Single,None,3,Automobile,26,None,OWN,1,Skilled,1,No,NO,YES
NOCHK,15,Good,CarUsed,3029,LOW,MEDLONG,2,MALE,Single,None,2,Automobile,33,None,OWN,1,Skilled,1,No,NO,YES
LOW,6,Good,Furniture,428,LOW,LONG,2,FEMALE,DivorcedSeparatedMarried,None,1,LifeInsurance,49,Banks,OWN,1,Skilled,1,YES,NO,YES
LOW,18,Good,CarNew,976,LOW,SHORT,1,FEMALE,DivorcedSeparatedMarried,None,2,Automobile,23,None,OWN,1,Unskilled,1,No,NO,NO
MED,12,Good,Business,841,MEDLOW,MEDLONG,2,FEMALE,DivorcedSeparatedMarried,None,4,RealEstate,23,None,RENT,1,Unskilled,1,No,NO,YES
NOCHK,30,Critical,AudioTV,5771,LOW,MEDLONG,4,FEMALE,DivorcedSeparatedMarried,None,2,Automobile,25,None,OWN,2,Skilled,1,No,NO,YES
NOCHK,12,SomeDelay,Repairs,1555,HIGH,LONG,4,MALE,Single,None,4,Other,55,None,FREE,2,Skilled,2,No,NO,NO
LOW,24,Good,CarNew,1285,NOSAV,MEDLONG,4,FEMALE,DivorcedSeparatedMarried,None,4,Other,32,None,RENT,1,Skilled,1,No,NO,NO
HIGH,6,Critical,CarNew,1299,LOW,MEDSHORT,1,MALE,Single,None,1,RealEstate,74,None,OWN,3,Unemployed,2,No,YES,YES
HIGH,15,Critical,AudioTV,1271,NOSAV,MEDSHORT,3,MALE,Single,None,4,Other,39,None,FREE,2,Skilled,1,YES,NO,NO
NOCHK,24,Good,CarNew,1393,LOW,MEDSHORT,2,MALE,Single,Guarantor,2,RealEstate,31,None,OWN,1,Skilled,1,YES,NO,YES
LOW,12,Critical,CarNew,691,LOW,LONG,4,MALE,Single,None,3,LifeInsurance,35,None,OWN,2,Skilled,1,No,NO,NO
NOCHK,15,Critical,CarNew,5045,NOSAV,LONG,1,FEMALE,DivorcedSeparatedMarried,None,4,Automobile,59,None,OWN,1,Skilled,1,YES,NO,YES
LOW,18,Critical,Furniture,2124,LOW,MEDSHORT,4,FEMALE,DivorcedSeparatedMarried,None,4,RealEstate,24,None,RENT,2,Skilled,1,No,NO,NO
LOW,12,Good,AudioTV,2214,LOW,MEDSHORT,4,MALE,Single,None,3,LifeInsurance,24,None,OWN,1,Unskilled,1,No,NO,YES
NOCHK,21,Critical,CarNew,12680,NOSAV,LONG,4,MALE,Single,None,4,Other,30,None,FREE,1,Management,1,YES,NO,NO
NOCHK,24,Critical,CarNew,2463,MEDLOW,MEDLONG,4,MALE,MarriedWidowed,None,3,LifeInsurance,27,None,OWN,2,Skilled,1,YES,NO,YES
MED,12,Good,AudioTV,1155,LOW,LONG,3,MALE,MarriedWidowed,Guarantor,3,RealEstate,40,Banks,OWN,2,Unskilled,1,No,NO,YES
LOW,30,Good,Furniture,3108,LOW,SHORT,2,MALE,Separated,None,4,LifeInsurance,31,None,OWN,1,Unskilled,1,No,NO,NO
NOCHK,10,Good,CarUsed,2901,NOSAV,SHORT,1,FEMALE,DivorcedSeparatedMarried,None,4,RealEstate,31,None,RENT,1,Skilled,1,No,NO,YES
MED,12,Critical,Furniture,3617,LOW,LONG,1,MALE,Single,None,4,Automobile,28,None,RENT,3,Skilled,1,YES,NO,YES
NOCHK,12,Critical,AudioTV,1655,LOW,LONG,2,MALE,Single,None,4,RealEstate,63,None,OWN,2,Unskilled,1,YES,NO,YES
LOW,24,Good,CarUsed,2812,NOSAV,LONG,2,FEMALE,DivorcedSeparatedMarried,None,4,RealEstate,26,None,RENT,1,Skilled,1,No,NO,YES
LOW,36,Critical,Education,8065,LOW,MEDSHORT,3,FEMALE,DivorcedSeparatedMarried,None,2,Other,25,None,OWN,2,Management,1,YES,NO,NO
NOCHK,21,Critical,CarUsed,3275,LOW,LONG,1,MALE,Single,None,4,Automobile,36,None,OWN,1,Management,1,YES,NO,YES
NOCHK,24,Critical,AudioTV,2223,MEDLOW,LONG,4,MALE,Single,None,4,LifeInsurance,52,Banks,OWN,2,Skilled,1,No,NO,YES
HIGH,12,Critical,CarNew,1480,MEDHIGH,Unemployed,2,MALE,Single,None,4,Other,66,Banks,FREE,3,Unemployed,1,No,NO,YES
LOW,24,Good,CarNew,1371,NOSAV,MEDSHORT,4,FEMALE,DivorcedSeparatedMarried,None,4,RealEstate,25,None,RENT,1,Skilled,1,No,NO,NO
NOCHK,36,Critical,CarNew,3535,LOW,MEDLONG,4,MALE,Single,None,4,Automobile,37,None,OWN,2,Skilled,1,YES,NO,YES
LOW,18,Good,AudioTV,3509,LOW,MEDLONG,4,FEMALE,DivorcedSeparatedMarried,Guarantor,1,RealEstate,25,None,OWN,1,Skilled,1,No,NO,YES
NOCHK,36,Critical,CarUsed,5711,HIGH,LONG,4,MALE,Single,None,2,Automobile,38,None,OWN,2,Management,1,YES,NO,YES
MED,18,Good,Repairs,3872,LOW,Unemployed,2,FEMALE,DivorcedSeparatedMarried,None,4,Automobile,67,None,OWN,1,Skilled,1,YES,NO,YES
MED,39,Critical,AudioTV,4933,LOW,MEDLONG,2,MALE,Single,Guarantor,2,RealEstate,25,None,OWN,2,Skilled,1,No,NO,NO
NOCHK,24,Critical,CarNew,1940,HIGH,LONG,4,MALE,Single,None,4,RealEstate,60,None,OWN,1,Skilled,1,YES,NO,YES
MED,12,NoHistory,Training,1410,LOW,MEDSHORT,2,MALE,Single,None,2,RealEstate,31,None,OWN,1,Unskilled,1,YES,NO,YES
MED,12,Good,CarNew,836,MEDLOW,SHORT,4,FEMALE,DivorcedSeparatedMarried,None,2,LifeInsurance,23,Banks,OWN,1,Unskilled,1,No,NO,NO
MED,20,Good,CarUsed,6468,NOSAV,Unemployed,1,MALE,Separated,None,4,RealEstate,60,None,OWN,1,Management,1,YES,NO,YES
MED,18,Good,Business,1941,HIGH,MEDSHORT,4,MALE,Single,None,2,LifeInsurance,35,None,OWN,1,Unskilled,1,YES,NO,YES
NOCHK,22,Good,AudioTV,2675,MEDHIGH,LONG,3,MALE,Single,None,4,Automobile,40,None,OWN,1,Skilled,1,No,NO,YES
NOCHK,48,Critical,CarUsed,2751,NOSAV,LONG,4,MALE,Single,None,3,Automobile,38,None,OWN,2,Skilled,2,YES,NO,YES
MED,48,SomeDelay,Education,6224,LOW,LONG,4,MALE,Single,None,4,Other,50,None,FREE,1,Skilled,1,No,NO,NO
LOW,40,Critical,Education,5998,LOW,MEDSHORT,4,MALE,Single,None,3,Other,27,Banks,OWN,1,Skilled,1,YES,NO,NO
MED,21,Good,Business,1188,LOW,LONG,2,FEMALE,DivorcedSeparatedMarried,None,4,LifeInsurance,39,None,OWN,1,Skilled,2,No,NO,NO
NOCHK,24,Good,CarUsed,6313,NOSAV,LONG,3,MALE,Single,None,4,Automobile,41,None,OWN,1,Management,2,YES,NO,YES
NOCHK,6,Critical,Furniture,1221,NOSAV,MEDSHORT,1,MALE,MarriedWidowed,None,2,LifeInsurance,27,None,OWN,2,Skilled,1,No,NO,YES
HIGH,24,Good,Furniture,2892,LOW,LONG,3,MALE,Separated,None,4,Other,51,None,FREE,1,Skilled,1,No,NO,YES
NOCHK,24,Good,Furniture,3062,MEDHIGH,LONG,4,MALE,Single,None,3,Other,32,None,RENT,1,Skilled,1,YES,NO,YES
NOCHK,9,Good,Furniture,2301,MEDLOW,SHORT,2,FEMALE,DivorcedSeparatedMarried,None,4,LifeInsurance,22,None,RENT,1,Skilled,1,No,NO,YES
LOW,18,Good,CarUsed,7511,NOSAV,LONG,1,MALE,Single,None,4,LifeInsurance,51,None,FREE,1,Skilled,2,YES,NO,NO
NOCHK,12,Critical,Furniture,1258,LOW,SHORT,2,FEMALE,DivorcedSeparatedMarried,None,4,LifeInsurance,22,None,RENT,2,Unskilled,1,No,NO,YES
NOCHK,24,SomeDelay,CarNew,717,NOSAV,LONG,4,MALE,MarriedWidowed,None,4,Automobile,54,None,OWN,2,Skilled,1,YES,NO,YES
MED,9,Good,CarNew,1549,NOSAV,SHORT,4,MALE,Single,None,2,RealEstate,35,None,OWN,1,Unemployed,1,No,NO,YES